{"id":5015,"waveNumber":11,"hpx":4.0,"damx":1.0,"coinBonus":75000,"userEXPBonus":7500,"heroEXPBonus":75000,"gemBonus":5,"gearBonus":19,"coinAFK":2325,"userEXPAFK":70,"heroEXPAFK":1550,"gemAFK":2,"gearAFK":17,"rateGearAFK":30,"coinBoss":0,"userEXPBoss":0,"heroEXPBoss":0,"gemBoss":0,"gearBoss":0,"powerFragmentBoss":0,"powerCrystalBoss":1,"powerDevineBoss":0,"waveInfos":[{"id":1,"time":10.0,"enemyInfos":[{"id":0,"level":0},{"id":0,"level":0},{"id":0,"level":0},{"id":0,"level":0},{"id":0,"level":0},{"id":0,"level":0},{"id":0,"level":0},{"id":0,"level":0},{"id":0,"level":0},{"id":0,"level":0},{"id":0,"level":0},{"id":0,"level":0},{"id":0,"level":0},{"id":0,"level":0},{"id":0,"level":0},{"id":0,"level":0},{"id":0,"level":0},{"id":0,"level":0},{"id":0,"level":0},{"id":0,"level":0},{"id":0,"level":0},{"id":0,"level":0},{"id":0,"level":0},{"id":0,"level":0},{"id":0,"level":0},{"id":0,"level":0},{"id":0,"level":0},{"id":0,"level":0},{"id":0,"level":0},{"id":0,"level":0},{"id":0,"level":0},{"id":0,"level":0},{"id":0,"level":0},{"id":0,"level":0},{"id":0,"level":0},{"id":0,"level":0},{"id":0,"level":0},{"id":0,"level":0},{"id":0,"level":0},{"id":0,"level":0},{"id":0,"level":0},{"id":0,"level":0},{"id":0,"level":0},{"id":0,"level":0},{"id":0,"level":0},{"id":0,"level":0},{"id":0,"level":0},{"id":0,"level":0},{"id":0,"level":0},{"id":0,"level":0},{"id":0,"level":0},{"id":0,"level":0},{"id":0,"level":0},{"id":0,"level":0},{"id":0,"level":0},{"id":5,"level":35},{"id":5,"level":35},{"id":5,"level":35},{"id":0,"level":0},{"id":0,"level":0},{"id":0,"level":0},{"id":0,"level":0},{"id":0,"level":0},{"id":5,"level":35},{"id":5,"level":35},{"id":5,"level":35},{"id":0,"level":0},{"id":0,"level":0},{"id":0,"level":0},{"id":5,"level":35},{"id":0,"level":0},{"id":0,"level":0},{"id":0,"level":0},{"id":5,"level":35},{"id":0,"level":0},{"id":0,"level":0},{"id":0,"level":0},{"id":0,"level":0},{"id":0,"level":0},{"id":5,"level":35},{"id":0,"level":0},{"id":0,"level":0},{"id":0,"level":0},{"id":0,"level":0},{"id":0,"level":0},{"id":5,"level":35},{"id":0,"level":0},{"id":0,"level":0},{"id":0,"level":0},{"id":5,"level":35},{"id":0,"level":0},{"id":0,"level":0},{"id":0,"level":0},{"id":0,"level":0},{"id":0,"level":0},{"id":0,"level":0},{"id":0,"level":0},{"id":5,"level":35},{"id":0,"level":0},{"id":0,"level":0},{"id":0,"level":0},{"id":5,"level":35},{"id":0,"level":0},{"id":0,"level":0},{"id":0,"level":0},{"id":0,"level":0},{"id":0,"level":0},{"id":5,"level":35},{"id":0,"level":0},{"id":0,"level":0},{"id":0,"level":0},{"id":0,"level":0},{"id":0,"level":0},{"id":5,"level":35},{"id":0,"level":0},{"id":0,"level":0},{"id":0,"level":0},{"id":5,"level":35},{"id":0,"level":0},{"id":0,"level":0},{"id":0,"level":0},{"id":5,"level":35},{"id":5,"level":35},{"id":0,"level":0},{"id":0,"level":0},{"id":5,"level":35},{"id":0,"level":0},{"id":5,"level":35},{"id":0,"level":0},{"id":0,"level":0},{"id":5,"level":35},{"id":5,"level":35},{"id":0,"level":0},{"id":0,"level":0},{"id":5,"level":35},{"id":0,"level":0},{"id":0,"level":0},{"id":5,"level":35},{"id":0,"level":0},{"id":0,"level":0},{"id":5,"level":35},{"id":0,"level":0},{"id":0,"level":0}],"powActive":false,"powValue":3},{"id":2,"time":10.0,"enemyInfos":[{"id":0,"level":0},{"id":0,"level":0},{"id":0,"level":0},{"id":0,"level":0},{"id":0,"level":0},{"id":0,"level":0},{"id":0,"level":0},{"id":0,"level":0},{"id":0,"level":0},{"id":0,"level":0},{"id":0,"level":0},{"id":0,"level":0},{"id":0,"level":0},{"id":0,"level":0},{"id":0,"level":0},{"id":0,"level":0},{"id":0,"level":0},{"id":0,"level":0},{"id":0,"level":0},{"id":0,"level":0},{"id":0,"level":0},{"id":0,"level":0},{"id":0,"level":0},{"id":0,"level":0},{"id":0,"level":0},{"id":0,"level":0},{"id":0,"level":0},{"id":0,"level":0},{"id":0,"level":0},{"id":0,"level":0},{"id":0,"level":0},{"id":0,"level":0},{"id":0,"level":0},{"id":0,"level":0},{"id":0,"level":0},{"id":0,"level":0},{"id":0,"level":0},{"id":0,"level":0},{"id":0,"level":0},{"id":0,"level":0},{"id":0,"level":0},{"id":0,"level":0},{"id":0,"level":0},{"id":0,"level":0},{"id":0,"level":0},{"id":0,"level":0},{"id":0,"level":0},{"id":0,"level":0},{"id":0,"level":0},{"id":0,"level":0},{"id":0,"level":0},{"id":0,"level":0},{"id":0,"level":0},{"id":0,"level":0},{"id":0,"level":0},{"id":0,"level":0},{"id":0,"level":0},{"id":5,"level":35},{"id":0,"level":0},{"id":0,"level":0},{"id":0,"level":0},{"id":0,"level":0},{"id":0,"level":0},{"id":5,"level":35},{"id":0,"level":0},{"id":0,"level":0},{"id":0,"level":0},{"id":0,"level":0},{"id":0,"level":0},{"id":5,"level":35},{"id":0,"level":0},{"id":5,"level":35},{"id":0,"level":0},{"id":5,"level":35},{"id":0,"level":0},{"id":0,"level":0},{"id":0,"level":0},{"id":5,"level":35},{"id":0,"level":0},{"id":0,"level":0},{"id":0,"level":0},{"id":5,"level":35},{"id":0,"level":0},{"id":5,"level":35},{"id":0,"level":0},{"id":0,"level":0},{"id":0,"level":0},{"id":5,"level":35},{"id":0,"level":0},{"id":5,"level":35},{"id":0,"level":0},{"id":0,"level":0},{"id":0,"level":0},{"id":5,"level":35},{"id":0,"level":0},{"id":0,"level":0},{"id":0,"level":0},{"id":5,"level":35},{"id":0,"level":0},{"id":0,"level":0},{"id":0,"level":0},{"id":5,"level":35},{"id":0,"level":0},{"id":0,"level":0},{"id":0,"level":0},{"id":0,"level":0},{"id":0,"level":0},{"id":5,"level":35},{"id":0,"level":0},{"id":0,"level":0},{"id":0,"level":0},{"id":10,"level":6},{"id":0,"level":0},{"id":0,"level":0},{"id":0,"level":0},{"id":0,"level":0},{"id":0,"level":0},{"id":0,"level":0},{"id":0,"level":0},{"id":10,"level":6},{"id":0,"level":0},{"id":0,"level":0},{"id":0,"level":0},{"id":0,"level":0},{"id":0,"level":0},{"id":13,"level":6},{"id":0,"level":0},{"id":13,"level":6},{"id":0,"level":0},{"id":0,"level":0},{"id":0,"level":0},{"id":0,"level":0},{"id":10,"level":6},{"id":10,"level":6},{"id":10,"level":6},{"id":0,"level":0},{"id":0,"level":0},{"id":13,"level":6},{"id":0,"level":0},{"id":0,"level":0},{"id":10,"level":6},{"id":10,"level":6},{"id":10,"level":6}],"powActive":false,"powValue":3},{"id":3,"time":10.0,"enemyInfos":[{"id":0,"level":0},{"id":0,"level":0},{"id":0,"level":0},{"id":0,"level":0},{"id":0,"level":0},{"id":0,"level":0},{"id":0,"level":0},{"id":0,"level":0},{"id":0,"level":0},{"id":0,"level":0},{"id":0,"level":0},{"id":0,"level":0},{"id":0,"level":0},{"id":0,"level":0},{"id":0,"level":0},{"id":0,"level":0},{"id":0,"level":0},{"id":0,"level":0},{"id":0,"level":0},{"id":0,"level":0},{"id":0,"level":0},{"id":0,"level":0},{"id":0,"level":0},{"id":0,"level":0},{"id":0,"level":0},{"id":0,"level":0},{"id":0,"level":0},{"id":0,"level":0},{"id":0,"level":0},{"id":0,"level":0},{"id":0,"level":0},{"id":0,"level":0},{"id":0,"level":0},{"id":0,"level":0},{"id":0,"level":0},{"id":0,"level":0},{"id":0,"level":0},{"id":0,"level":0},{"id":0,"level":0},{"id":0,"level":0},{"id":0,"level":0},{"id":0,"level":0},{"id":0,"level":0},{"id":0,"level":0},{"id":0,"level":0},{"id":0,"level":0},{"id":0,"level":0},{"id":0,"level":0},{"id":0,"level":0},{"id":0,"level":0},{"id":0,"level":0},{"id":0,"level":0},{"id":0,"level":0},{"id":0,"level":0},{"id":0,"level":0},{"id":0,"level":0},{"id":0,"level":0},{"id":0,"level":0},{"id":0,"level":0},{"id":0,"level":0},{"id":0,"level":0},{"id":0,"level":0},{"id":0,"level":0},{"id":0,"level":0},{"id":0,"level":0},{"id":0,"level":0},{"id":0,"level":0},{"id":0,"level":0},{"id":0,"level":0},{"id":0,"level":0},{"id":0,"level":0},{"id":0,"level":0},{"id":0,"level":0},{"id":0,"level":0},{"id":0,"level":0},{"id":0,"level":0},{"id":0,"level":0},{"id":13,"level":6},{"id":0,"level":0},{"id":0,"level":0},{"id":0,"level":0},{"id":0,"level":0},{"id":0,"level":0},{"id":0,"level":0},{"id":0,"level":0},{"id":0,"level":0},{"id":0,"level":0},{"id":13,"level":6},{"id":0,"level":0},{"id":13,"level":6},{"id":0,"level":0},{"id":0,"level":0},{"id":0,"level":0},{"id":13,"level":6},{"id":0,"level":0},{"id":0,"level":0},{"id":0,"level":0},{"id":13,"level":6},{"id":0,"level":0},{"id":0,"level":0},{"id":0,"level":0},{"id":0,"level":0},{"id":0,"level":0},{"id":0,"level":0},{"id":0,"level":0},{"id":0,"level":0},{"id":0,"level":0},{"id":0,"level":0},{"id":0,"level":0},{"id":0,"level":0},{"id":13,"level":6},{"id":0,"level":0},{"id":10,"level":6},{"id":10,"level":6},{"id":0,"level":0},{"id":13,"level":6},{"id":0,"level":0},{"id":10,"level":6},{"id":10,"level":6},{"id":0,"level":0},{"id":13,"level":6},{"id":0,"level":0},{"id":0,"level":0},{"id":0,"level":0},{"id":0,"level":0},{"id":0,"level":0},{"id":0,"level":0},{"id":0,"level":0},{"id":0,"level":0},{"id":0,"level":0},{"id":0,"level":0},{"id":0,"level":0},{"id":13,"level":6},{"id":0,"level":0},{"id":10,"level":6},{"id":10,"level":6},{"id":0,"level":0},{"id":13,"level":6},{"id":0,"level":0},{"id":10,"level":6},{"id":10,"level":6},{"id":0,"level":0},{"id":13,"level":6}],"powActive":false,"powValue":3},{"id":4,"time":10.0,"enemyInfos":[{"id":0,"level":0},{"id":0,"level":0},{"id":0,"level":0},{"id":0,"level":0},{"id":0,"level":0},{"id":0,"level":0},{"id":0,"level":0},{"id":0,"level":0},{"id":0,"level":0},{"id":0,"level":0},{"id":0,"level":0},{"id":0,"level":0},{"id":0,"level":0},{"id":0,"level":0},{"id":0,"level":0},{"id":0,"level":0},{"id":0,"level":0},{"id":0,"level":0},{"id":0,"level":0},{"id":0,"level":0},{"id":0,"level":0},{"id":0,"level":0},{"id":0,"level":0},{"id":0,"level":0},{"id":0,"level":0},{"id":0,"level":0},{"id":0,"level":0},{"id":0,"level":0},{"id":0,"level":0},{"id":0,"level":0},{"id":0,"level":0},{"id":0,"level":0},{"id":0,"level":0},{"id":0,"level":0},{"id":0,"level":0},{"id":0,"level":0},{"id":0,"level":0},{"id":0,"level":0},{"id":0,"level":0},{"id":0,"level":0},{"id":0,"level":0},{"id":0,"level":0},{"id":0,"level":0},{"id":0,"level":0},{"id":0,"level":0},{"id":0,"level":0},{"id":0,"level":0},{"id":0,"level":0},{"id":0,"level":0},{"id":0,"level":0},{"id":0,"level":0},{"id":0,"level":0},{"id":0,"level":0},{"id":0,"level":0},{"id":0,"level":0},{"id":0,"level":0},{"id":0,"level":0},{"id":0,"level":0},{"id":0,"level":0},{"id":0,"level":0},{"id":0,"level":0},{"id":0,"level":0},{"id":0,"level":0},{"id":0,"level":0},{"id":0,"level":0},{"id":0,"level":0},{"id":0,"level":0},{"id":0,"level":0},{"id":0,"level":0},{"id":0,"level":0},{"id":0,"level":0},{"id":0,"level":0},{"id":0,"level":0},{"id":0,"level":0},{"id":0,"level":0},{"id":0,"level":0},{"id":0,"level":0},{"id":10,"level":6},{"id":0,"level":0},{"id":0,"level":0},{"id":0,"level":0},{"id":0,"level":0},{"id":0,"level":0},{"id":0,"level":0},{"id":0,"level":0},{"id":0,"level":0},{"id":0,"level":0},{"id":10,"level":6},{"id":0,"level":0},{"id":0,"level":0},{"id":0,"level":0},{"id":0,"level":0},{"id":0,"level":0},{"id":0,"level":0},{"id":0,"level":0},{"id":0,"level":0},{"id":0,"level":0},{"id":0,"level":0},{"id":0,"level":0},{"id":10,"level":6},{"id":0,"level":0},{"id":0,"level":0},{"id":0,"level":0},{"id":0,"level":0},{"id":0,"level":0},{"id":0,"level":0},{"id":0,"level":0},{"id":0,"level":0},{"id":0,"level":0},{"id":10,"level":6},{"id":0,"level":0},{"id":0,"level":0},{"id":0,"level":0},{"id":0,"level":0},{"id":5,"level":35},{"id":0,"level":0},{"id":5,"level":35},{"id":0,"level":0},{"id":0,"level":0},{"id":0,"level":0},{"id":0,"level":0},{"id":0,"level":0},{"id":0,"level":0},{"id":5,"level":35},{"id":0,"level":0},{"id":0,"level":0},{"id":0,"level":0},{"id":0,"level":0},{"id":0,"level":0},{"id":5,"level":35},{"id":0,"level":0},{"id":0,"level":0},{"id":10,"level":6},{"id":0,"level":0},{"id":0,"level":0},{"id":13,"level":6},{"id":0,"level":0},{"id":13,"level":6},{"id":0,"level":0},{"id":13,"level":6},{"id":0,"level":0},{"id":0,"level":0},{"id":10,"level":6}],"powActive":false,"powValue":3},{"id":5,"time":10.0,"enemyInfos":[{"id":0,"level":0},{"id":0,"level":0},{"id":0,"level":0},{"id":0,"level":0},{"id":0,"level":0},{"id":0,"level":0},{"id":0,"level":0},{"id":0,"level":0},{"id":0,"level":0},{"id":0,"level":0},{"id":0,"level":0},{"id":0,"level":0},{"id":0,"level":0},{"id":13,"level":6},{"id":0,"level":0},{"id":13,"level":6},{"id":0,"level":0},{"id":13,"level":6},{"id":0,"level":0},{"id":13,"level":6},{"id":0,"level":0},{"id":0,"level":0},{"id":0,"level":0},{"id":0,"level":0},{"id":0,"level":0},{"id":0,"level":0},{"id":0,"level":0},{"id":0,"level":0},{"id":0,"level":0},{"id":0,"level":0},{"id":0,"level":0},{"id":0,"level":0},{"id":0,"level":0},{"id":0,"level":0},{"id":0,"level":0},{"id":0,"level":0},{"id":0,"level":0},{"id":0,"level":0},{"id":0,"level":0},{"id":0,"level":0},{"id":0,"level":0},{"id":0,"level":0},{"id":0,"level":0},{"id":0,"level":0},{"id":0,"level":0},{"id":0,"level":0},{"id":0,"level":0},{"id":5,"level":35},{"id":0,"level":0},{"id":5,"level":35},{"id":0,"level":0},{"id":5,"level":35},{"id":0,"level":0},{"id":0,"level":0},{"id":0,"level":0},{"id":0,"level":0},{"id":13,"level":6},{"id":0,"level":0},{"id":0,"level":0},{"id":0,"level":0},{"id":0,"level":0},{"id":0,"level":0},{"id":0,"level":0},{"id":0,"level":0},{"id":13,"level":6},{"id":0,"level":0},{"id":0,"level":0},{"id":0,"level":0},{"id":0,"level":0},{"id":0,"level":0},{"id":0,"level":0},{"id":5,"level":35},{"id":0,"level":0},{"id":0,"level":0},{"id":0,"level":0},{"id":0,"level":0},{"id":0,"level":0},{"id":0,"level":0},{"id":0,"level":0},{"id":0,"level":0},{"id":0,"level":0},{"id":5,"level":35},{"id":0,"level":0},{"id":5,"level":35},{"id":0,"level":0},{"id":0,"level":0},{"id":0,"level":0},{"id":0,"level":0},{"id":0,"level":0},{"id":0,"level":0},{"id":5,"level":35},{"id":0,"level":0},{"id":0,"level":0},{"id":5,"level":35},{"id":0,"level":0},{"id":0,"level":0},{"id":5,"level":35},{"id":0,"level":0},{"id":0,"level":0},{"id":5,"level":35},{"id":0,"level":0},{"id":0,"level":0},{"id":13,"level":6},{"id":0,"level":0},{"id":5,"level":35},{"id":0,"level":0},{"id":13,"level":6},{"id":0,"level":0},{"id":0,"level":0},{"id":5,"level":35},{"id":0,"level":0},{"id":5,"level":35},{"id":0,"level":0},{"id":0,"level":0},{"id":0,"level":0},{"id":0,"level":0},{"id":0,"level":0},{"id":0,"level":0},{"id":0,"level":0},{"id":5,"level":35},{"id":0,"level":0},{"id":0,"level":0},{"id":0,"level":0},{"id":5,"level":35},{"id":0,"level":0},{"id":13,"level":6},{"id":0,"level":0},{"id":13,"level":6},{"id":0,"level":0},{"id":5,"level":35},{"id":0,"level":0},{"id":0,"level":0},{"id":0,"level":0},{"id":0,"level":0},{"id":0,"level":0},{"id":5,"level":35},{"id":0,"level":0},{"id":5,"level":35},{"id":0,"level":0},{"id":5,"level":35},{"id":0,"level":0},{"id":0,"level":0},{"id":0,"level":0}],"powActive":false,"powValue":3},{"id":6,"time":10.0,"enemyInfos":[{"id":0,"level":0},{"id":0,"level":0},{"id":0,"level":0},{"id":0,"level":0},{"id":0,"level":0},{"id":0,"level":0},{"id":0,"level":0},{"id":0,"level":0},{"id":0,"level":0},{"id":0,"level":0},{"id":0,"level":0},{"id":0,"level":0},{"id":0,"level":0},{"id":0,"level":0},{"id":0,"level":0},{"id":0,"level":0},{"id":0,"level":0},{"id":0,"level":0},{"id":0,"level":0},{"id":0,"level":0},{"id":0,"level":0},{"id":0,"level":0},{"id":0,"level":0},{"id":0,"level":0},{"id":0,"level":0},{"id":0,"level":0},{"id":0,"level":0},{"id":0,"level":0},{"id":0,"level":0},{"id":0,"level":0},{"id":0,"level":0},{"id":0,"level":0},{"id":0,"level":0},{"id":0,"level":0},{"id":0,"level":0},{"id":0,"level":0},{"id":0,"level":0},{"id":0,"level":0},{"id":0,"level":0},{"id":0,"level":0},{"id":0,"level":0},{"id":0,"level":0},{"id":0,"level":0},{"id":0,"level":0},{"id":0,"level":0},{"id":0,"level":0},{"id":10,"level":6},{"id":0,"level":0},{"id":0,"level":0},{"id":0,"level":0},{"id":0,"level":0},{"id":0,"level":0},{"id":10,"level":6},{"id":0,"level":0},{"id":0,"level":0},{"id":0,"level":0},{"id":10,"level":6},{"id":0,"level":0},{"id":10,"level":6},{"id":0,"level":0},{"id":0,"level":0},{"id":0,"level":0},{"id":10,"level":6},{"id":0,"level":0},{"id":10,"level":6},{"id":0,"level":0},{"id":0,"level":0},{"id":0,"level":0},{"id":10,"level":6},{"id":0,"level":0},{"id":0,"level":0},{"id":5,"level":35},{"id":0,"level":0},{"id":0,"level":0},{"id":10,"level":6},{"id":0,"level":0},{"id":0,"level":0},{"id":0,"level":0},{"id":0,"level":0},{"id":0,"level":0},{"id":0,"level":0},{"id":5,"level":35},{"id":5,"level":35},{"id":5,"level":35},{"id":0,"level":0},{"id":0,"level":0},{"id":0,"level":0},{"id":0,"level":0},{"id":0,"level":0},{"id":0,"level":0},{"id":0,"level":0},{"id":5,"level":35},{"id":0,"level":0},{"id":0,"level":0},{"id":0,"level":0},{"id":5,"level":35},{"id":0,"level":0},{"id":0,"level":0},{"id":0,"level":0},{"id":13,"level":6},{"id":0,"level":0},{"id":0,"level":0},{"id":5,"level":35},{"id":5,"level":35},{"id":0,"level":0},{"id":5,"level":35},{"id":5,"level":35},{"id":0,"level":0},{"id":0,"level":0},{"id":13,"level":6},{"id":0,"level":0},{"id":13,"level":6},{"id":0,"level":0},{"id":0,"level":0},{"id":0,"level":0},{"id":5,"level":35},{"id":0,"level":0},{"id":0,"level":0},{"id":0,"level":0},{"id":13,"level":6},{"id":0,"level":0},{"id":0,"level":0},{"id":13,"level":6},{"id":0,"level":0},{"id":0,"level":0},{"id":13,"level":6},{"id":0,"level":0},{"id":13,"level":6},{"id":0,"level":0},{"id":0,"level":0},{"id":13,"level":6},{"id":0,"level":0},{"id":13,"level":6},{"id":0,"level":0},{"id":0,"level":0},{"id":0,"level":0},{"id":0,"level":0},{"id":13,"level":6},{"id":0,"level":0},{"id":0,"level":0},{"id":0,"level":0},{"id":0,"level":0},{"id":13,"level":6}],"powActive":false,"powValue":3},{"id":7,"time":15.0,"enemyInfos":[{"id":0,"level":0},{"id":0,"level":0},{"id":0,"level":0},{"id":0,"level":0},{"id":0,"level":0},{"id":0,"level":0},{"id":0,"level":0},{"id":0,"level":0},{"id":0,"level":0},{"id":0,"level":0},{"id":0,"level":0},{"id":0,"level":0},{"id":0,"level":0},{"id":0,"level":0},{"id":0,"level":0},{"id":0,"level":0},{"id":0,"level":0},{"id":0,"level":0},{"id":0,"level":0},{"id":0,"level":0},{"id":0,"level":0},{"id":0,"level":0},{"id":0,"level":0},{"id":0,"level":0},{"id":0,"level":0},{"id":0,"level":0},{"id":0,"level":0},{"id":0,"level":0},{"id":0,"level":0},{"id":0,"level":0},{"id":0,"level":0},{"id":0,"level":0},{"id":0,"level":0},{"id":0,"level":0},{"id":0,"level":0},{"id":0,"level":0},{"id":0,"level":0},{"id":0,"level":0},{"id":0,"level":0},{"id":0,"level":0},{"id":0,"level":0},{"id":0,"level":0},{"id":0,"level":0},{"id":0,"level":0},{"id":0,"level":0},{"id":0,"level":0},{"id":0,"level":0},{"id":0,"level":0},{"id":0,"level":0},{"id":10,"level":6},{"id":0,"level":0},{"id":0,"level":0},{"id":0,"level":0},{"id":0,"level":0},{"id":0,"level":0},{"id":0,"level":0},{"id":0,"level":0},{"id":0,"level":0},{"id":10,"level":6},{"id":0,"level":0},{"id":0,"level":0},{"id":0,"level":0},{"id":10,"level":6},{"id":0,"level":0},{"id":0,"level":0},{"id":0,"level":0},{"id":0,"level":0},{"id":10,"level":6},{"id":0,"level":0},{"id":0,"level":0},{"id":0,"level":0},{"id":0,"level":0},{"id":0,"level":0},{"id":0,"level":0},{"id":0,"level":0},{"id":10,"level":6},{"id":0,"level":0},{"id":0,"level":0},{"id":0,"level":0},{"id":0,"level":0},{"id":0,"level":0},{"id":0,"level":0},{"id":0,"level":0},{"id":0,"level":0},{"id":0,"level":0},{"id":0,"level":0},{"id":0,"level":0},{"id":0,"level":0},{"id":0,"level":0},{"id":0,"level":0},{"id":5,"level":35},{"id":5,"level":35},{"id":0,"level":0},{"id":0,"level":0},{"id":0,"level":0},{"id":5,"level":35},{"id":5,"level":35},{"id":0,"level":0},{"id":0,"level":0},{"id":0,"level":0},{"id":5,"level":35},{"id":0,"level":0},{"id":0,"level":0},{"id":0,"level":0},{"id":13,"level":6},{"id":0,"level":0},{"id":0,"level":0},{"id":0,"level":0},{"id":5,"level":35},{"id":0,"level":0},{"id":0,"level":0},{"id":0,"level":0},{"id":5,"level":35},{"id":0,"level":0},{"id":0,"level":0},{"id":0,"level":0},{"id":0,"level":0},{"id":0,"level":0},{"id":5,"level":35},{"id":0,"level":0},{"id":0,"level":0},{"id":0,"level":0},{"id":5,"level":35},{"id":0,"level":0},{"id":0,"level":0},{"id":0,"level":0},{"id":13,"level":6},{"id":0,"level":0},{"id":0,"level":0},{"id":0,"level":0},{"id":5,"level":35},{"id":0,"level":0},{"id":5,"level":35},{"id":0,"level":0},{"id":0,"level":0},{"id":0,"level":0},{"id":13,"level":6},{"id":0,"level":0},{"id":13,"level":6},{"id":0,"level":0},{"id":0,"level":0},{"id":0,"level":0},{"id":5,"level":35}],"powActive":false,"powValue":3},{"id":8,"time":15.0,"enemyInfos":[{"id":0,"level":0},{"id":0,"level":0},{"id":0,"level":0},{"id":0,"level":0},{"id":0,"level":0},{"id":0,"level":0},{"id":0,"level":0},{"id":0,"level":0},{"id":0,"level":0},{"id":0,"level":0},{"id":0,"level":0},{"id":0,"level":0},{"id":0,"level":0},{"id":0,"level":0},{"id":0,"level":0},{"id":0,"level":0},{"id":0,"level":0},{"id":0,"level":0},{"id":0,"level":0},{"id":0,"level":0},{"id":0,"level":0},{"id":0,"level":0},{"id":0,"level":0},{"id":0,"level":0},{"id":0,"level":0},{"id":0,"level":0},{"id":0,"level":0},{"id":0,"level":0},{"id":0,"level":0},{"id":0,"level":0},{"id":0,"level":0},{"id":0,"level":0},{"id":0,"level":0},{"id":0,"level":0},{"id":0,"level":0},{"id":0,"level":0},{"id":0,"level":0},{"id":0,"level":0},{"id":0,"level":0},{"id":0,"level":0},{"id":0,"level":0},{"id":0,"level":0},{"id":0,"level":0},{"id":0,"level":0},{"id":0,"level":0},{"id":0,"level":0},{"id":0,"level":0},{"id":0,"level":0},{"id":0,"level":0},{"id":0,"level":0},{"id":0,"level":0},{"id":0,"level":0},{"id":0,"level":0},{"id":0,"level":0},{"id":0,"level":0},{"id":0,"level":0},{"id":0,"level":0},{"id":0,"level":0},{"id":0,"level":0},{"id":0,"level":0},{"id":0,"level":0},{"id":0,"level":0},{"id":0,"level":0},{"id":0,"level":0},{"id":0,"level":0},{"id":0,"level":0},{"id":0,"level":0},{"id":0,"level":0},{"id":0,"level":0},{"id":0,"level":0},{"id":0,"level":0},{"id":0,"level":0},{"id":0,"level":0},{"id":0,"level":0},{"id":0,"level":0},{"id":0,"level":0},{"id":0,"level":0},{"id":0,"level":0},{"id":0,"level":0},{"id":0,"level":0},{"id":0,"level":0},{"id":5,"level":35},{"id":5,"level":35},{"id":5,"level":35},{"id":0,"level":0},{"id":0,"level":0},{"id":0,"level":0},{"id":0,"level":0},{"id":0,"level":0},{"id":0,"level":0},{"id":0,"level":0},{"id":5,"level":35},{"id":0,"level":0},{"id":0,"level":0},{"id":0,"level":0},{"id":5,"level":35},{"id":0,"level":0},{"id":0,"level":0},{"id":0,"level":0},{"id":0,"level":0},{"id":0,"level":0},{"id":5,"level":35},{"id":0,"level":0},{"id":10,"level":6},{"id":0,"level":0},{"id":10,"level":6},{"id":0,"level":0},{"id":5,"level":35},{"id":0,"level":0},{"id":0,"level":0},{"id":0,"level":0},{"id":0,"level":0},{"id":5,"level":35},{"id":0,"level":0},{"id":10,"level":6},{"id":0,"level":0},{"id":10,"level":6},{"id":0,"level":0},{"id":5,"level":35},{"id":0,"level":0},{"id":0,"level":0},{"id":0,"level":0},{"id":0,"level":0},{"id":0,"level":0},{"id":5,"level":35},{"id":0,"level":0},{"id":0,"level":0},{"id":0,"level":0},{"id":5,"level":35},{"id":0,"level":0},{"id":0,"level":0},{"id":0,"level":0},{"id":5,"level":35},{"id":5,"level":35},{"id":5,"level":35},{"id":0,"level":0},{"id":13,"level":6},{"id":13,"level":6},{"id":13,"level":6},{"id":0,"level":0},{"id":5,"level":35},{"id":5,"level":35},{"id":5,"level":35}],"powActive":false,"powValue":3},{"id":9,"time":15.0,"enemyInfos":[{"id":0,"level":0},{"id":0,"level":0},{"id":0,"level":0},{"id":0,"level":0},{"id":0,"level":0},{"id":0,"level":0},{"id":0,"level":0},{"id":0,"level":0},{"id":0,"level":0},{"id":0,"level":0},{"id":0,"level":0},{"id":0,"level":0},{"id":0,"level":0},{"id":0,"level":0},{"id":0,"level":0},{"id":0,"level":0},{"id":0,"level":0},{"id":0,"level":0},{"id":0,"level":0},{"id":0,"level":0},{"id":0,"level":0},{"id":0,"level":0},{"id":0,"level":0},{"id":0,"level":0},{"id":0,"level":0},{"id":0,"level":0},{"id":0,"level":0},{"id":0,"level":0},{"id":0,"level":0},{"id":0,"level":0},{"id":0,"level":0},{"id":0,"level":0},{"id":0,"level":0},{"id":0,"level":0},{"id":0,"level":0},{"id":0,"level":0},{"id":0,"level":0},{"id":0,"level":0},{"id":0,"level":0},{"id":0,"level":0},{"id":0,"level":0},{"id":0,"level":0},{"id":0,"level":0},{"id":0,"level":0},{"id":0,"level":0},{"id":0,"level":0},{"id":0,"level":0},{"id":0,"level":0},{"id":0,"level":0},{"id":0,"level":0},{"id":0,"level":0},{"id":0,"level":0},{"id":0,"level":0},{"id":0,"level":0},{"id":0,"level":0},{"id":0,"level":0},{"id":0,"level":0},{"id":0,"level":0},{"id":0,"level":0},{"id":0,"level":0},{"id":0,"level":0},{"id":0,"level":0},{"id":0,"level":0},{"id":0,"level":0},{"id":0,"level":0},{"id":0,"level":0},{"id":0,"level":0},{"id":0,"level":0},{"id":0,"level":0},{"id":0,"level":0},{"id":0,"level":0},{"id":0,"level":0},{"id":0,"level":0},{"id":0,"level":0},{"id":0,"level":0},{"id":0,"level":0},{"id":0,"level":0},{"id":0,"level":0},{"id":0,"level":0},{"id":0,"level":0},{"id":0,"level":0},{"id":0,"level":0},{"id":0,"level":0},{"id":0,"level":0},{"id":0,"level":0},{"id":0,"level":0},{"id":0,"level":0},{"id":0,"level":0},{"id":0,"level":0},{"id":0,"level":0},{"id":10,"level":6},{"id":0,"level":0},{"id":0,"level":0},{"id":0,"level":0},{"id":0,"level":0},{"id":0,"level":0},{"id":10,"level":6},{"id":0,"level":0},{"id":0,"level":0},{"id":10,"level":6},{"id":0,"level":0},{"id":10,"level":6},{"id":0,"level":0},{"id":5,"level":35},{"id":5,"level":35},{"id":5,"level":35},{"id":0,"level":0},{"id":10,"level":6},{"id":0,"level":0},{"id":10,"level":6},{"id":0,"level":0},{"id":0,"level":0},{"id":0,"level":0},{"id":0,"level":0},{"id":13,"level":6},{"id":13,"level":6},{"id":13,"level":6},{"id":0,"level":0},{"id":0,"level":0},{"id":0,"level":0},{"id":0,"level":0},{"id":5,"level":35},{"id":0,"level":0},{"id":0,"level":0},{"id":5,"level":35},{"id":0,"level":0},{"id":13,"level":6},{"id":0,"level":0},{"id":5,"level":35},{"id":0,"level":0},{"id":0,"level":0},{"id":5,"level":35},{"id":0,"level":0},{"id":5,"level":35},{"id":5,"level":35},{"id":5,"level":35},{"id":0,"level":0},{"id":0,"level":0},{"id":0,"level":0},{"id":5,"level":35},{"id":5,"level":35},{"id":5,"level":35},{"id":0,"level":0}],"powActive":false,"powValue":3},{"id":10,"time":15.0,"enemyInfos":[{"id":0,"level":0},{"id":0,"level":0},{"id":0,"level":0},{"id":0,"level":0},{"id":0,"level":0},{"id":0,"level":0},{"id":0,"level":0},{"id":0,"level":0},{"id":0,"level":0},{"id":0,"level":0},{"id":0,"level":0},{"id":0,"level":0},{"id":0,"level":0},{"id":0,"level":0},{"id":0,"level":0},{"id":0,"level":0},{"id":0,"level":0},{"id":0,"level":0},{"id":0,"level":0},{"id":0,"level":0},{"id":0,"level":0},{"id":0,"level":0},{"id":0,"level":0},{"id":13,"level":6},{"id":0,"level":0},{"id":0,"level":0},{"id":0,"level":0},{"id":0,"level":0},{"id":0,"level":0},{"id":0,"level":0},{"id":0,"level":0},{"id":13,"level":6},{"id":0,"level":0},{"id":0,"level":0},{"id":0,"level":0},{"id":5,"level":35},{"id":5,"level":35},{"id":5,"level":35},{"id":5,"level":35},{"id":5,"level":35},{"id":5,"level":35},{"id":5,"level":35},{"id":0,"level":0},{"id":0,"level":0},{"id":0,"level":0},{"id":13,"level":6},{"id":0,"level":0},{"id":0,"level":0},{"id":0,"level":0},{"id":0,"level":0},{"id":0,"level":0},{"id":0,"level":0},{"id":0,"level":0},{"id":13,"level":6},{"id":0,"level":0},{"id":0,"level":0},{"id":0,"level":0},{"id":0,"level":0},{"id":10,"level":6},{"id":0,"level":0},{"id":0,"level":0},{"id":0,"level":0},{"id":10,"level":6},{"id":0,"level":0},{"id":0,"level":0},{"id":0,"level":0},{"id":0,"level":0},{"id":0,"level":0},{"id":10,"level":6},{"id":0,"level":0},{"id":10,"level":6},{"id":0,"level":0},{"id":10,"level":6},{"id":0,"level":0},{"id":10,"level":6},{"id":0,"level":0},{"id":0,"level":0},{"id":0,"level":0},{"id":0,"level":0},{"id":0,"level":0},{"id":10,"level":6},{"id":0,"level":0},{"id":0,"level":0},{"id":0,"level":0},{"id":10,"level":6},{"id":0,"level":0},{"id":0,"level":0},{"id":0,"level":0},{"id":0,"level":0},{"id":13,"level":6},{"id":0,"level":0},{"id":0,"level":0},{"id":0,"level":0},{"id":0,"level":0},{"id":0,"level":0},{"id":0,"level":0},{"id":0,"level":0},{"id":13,"level":6},{"id":0,"level":0},{"id":0,"level":0},{"id":0,"level":0},{"id":5,"level":35},{"id":5,"level":35},{"id":5,"level":35},{"id":5,"level":35},{"id":5,"level":35},{"id":5,"level":35},{"id":5,"level":35},{"id":0,"level":0},{"id":0,"level":0},{"id":0,"level":0},{"id":13,"level":6},{"id":0,"level":0},{"id":0,"level":0},{"id":0,"level":0},{"id":0,"level":0},{"id":0,"level":0},{"id":0,"level":0},{"id":0,"level":0},{"id":13,"level":6},{"id":0,"level":0},{"id":0,"level":0},{"id":0,"level":0},{"id":0,"level":0},{"id":0,"level":0},{"id":0,"level":0},{"id":0,"level":0},{"id":0,"level":0},{"id":0,"level":0},{"id":0,"level":0},{"id":0,"level":0},{"id":0,"level":0},{"id":0,"level":0},{"id":0,"level":0},{"id":0,"level":0},{"id":0,"level":0},{"id":0,"level":0},{"id":0,"level":0},{"id":0,"level":0},{"id":0,"level":0},{"id":0,"level":0},{"id":0,"level":0},{"id":0,"level":0}],"powActive":false,"powValue":3},{"id":11,"time":15.0,"enemyInfos":[{"id":0,"level":0},{"id":0,"level":0},{"id":0,"level":0},{"id":0,"level":0},{"id":0,"level":0},{"id":0,"level":0},{"id":0,"level":0},{"id":0,"level":0},{"id":0,"level":0},{"id":0,"level":0},{"id":0,"level":0},{"id":0,"level":0},{"id":0,"level":0},{"id":0,"level":0},{"id":0,"level":0},{"id":0,"level":0},{"id":0,"level":0},{"id":0,"level":0},{"id":0,"level":0},{"id":0,"level":0},{"id":0,"level":0},{"id":0,"level":0},{"id":0,"level":0},{"id":0,"level":0},{"id":0,"level":0},{"id":0,"level":0},{"id":0,"level":0},{"id":0,"level":0},{"id":0,"level":0},{"id":0,"level":0},{"id":0,"level":0},{"id":0,"level":0},{"id":0,"level":0},{"id":0,"level":0},{"id":0,"level":0},{"id":0,"level":0},{"id":0,"level":0},{"id":0,"level":0},{"id":0,"level":0},{"id":0,"level":0},{"id":0,"level":0},{"id":0,"level":0},{"id":0,"level":0},{"id":0,"level":0},{"id":0,"level":0},{"id":0,"level":0},{"id":0,"level":0},{"id":0,"level":0},{"id":0,"level":0},{"id":0,"level":0},{"id":0,"level":0},{"id":0,"level":0},{"id":0,"level":0},{"id":0,"level":0},{"id":0,"level":0},{"id":0,"level":0},{"id":0,"level":0},{"id":0,"level":0},{"id":0,"level":0},{"id":0,"level":0},{"id":0,"level":0},{"id":0,"level":0},{"id":0,"level":0},{"id":0,"level":0},{"id":0,"level":0},{"id":0,"level":0},{"id":0,"level":0},{"id":0,"level":0},{"id":0,"level":0},{"id":0,"level":0},{"id":0,"level":0},{"id":23,"level":2},{"id":0,"level":0},{"id":0,"level":0},{"id":0,"level":0},{"id":0,"level":0},{"id":0,"level":0},{"id":0,"level":0},{"id":0,"level":0},{"id":0,"level":0},{"id":0,"level":0},{"id":0,"level":0},{"id":0,"level":0},{"id":0,"level":0},{"id":0,"level":0},{"id":0,"level":0},{"id":0,"level":0},{"id":0,"level":0},{"id":0,"level":0},{"id":0,"level":0},{"id":0,"level":0},{"id":0,"level":0},{"id":0,"level":0},{"id":0,"level":0},{"id":0,"level":0},{"id":0,"level":0},{"id":0,"level":0},{"id":0,"level":0},{"id":0,"level":0},{"id":0,"level":0},{"id":0,"level":0},{"id":0,"level":0},{"id":10,"level":6},{"id":0,"level":0},{"id":0,"level":0},{"id":0,"level":0},{"id":10,"level":6},{"id":0,"level":0},{"id":0,"level":0},{"id":0,"level":0},{"id":10,"level":6},{"id":0,"level":0},{"id":0,"level":0},{"id":0,"level":0},{"id":10,"level":6},{"id":0,"level":0},{"id":10,"level":6},{"id":0,"level":0},{"id":0,"level":0},{"id":0,"level":0},{"id":10,"level":6},{"id":0,"level":0},{"id":10,"level":6},{"id":0,"level":0},{"id":0,"level":0},{"id":0,"level":0},{"id":10,"level":6},{"id":0,"level":0},{"id":0,"level":0},{"id":0,"level":0},{"id":10,"level":6},{"id":0,"level":0},{"id":0,"level":0},{"id":0,"level":0},{"id":10,"level":6},{"id":0,"level":0},{"id":0,"level":0},{"id":0,"level":0},{"id":0,"level":0},{"id":0,"level":0},{"id":10,"level":6},{"id":0,"level":0},{"id":0,"level":0}],"powActive":false,"powValue":3}],"enemyInfos":[{"id":13,"level":6},{"id":23,"level":2},{"id":5,"level":35},{"id":10,"level":6}]}