{"id":5014,"waveNumber":10,"hpx":3.5,"damx":1.0,"coinBonus":30000,"userEXPBonus":1250,"heroEXPBonus":37500,"gemBonus":5,"gearBonus":0,"coinAFK":2213,"userEXPAFK":69,"heroEXPAFK":1475,"gemAFK":2,"gearAFK":14,"rateGearAFK":75,"coinBoss":0,"userEXPBoss":0,"heroEXPBoss":0,"gemBoss":0,"gearBoss":0,"powerFragmentBoss":0,"powerCrystalBoss":0,"powerDevineBoss":0,"waveInfos":[{"id":1,"time":10.0,"enemyInfos":[{"id":0,"level":0},{"id":0,"level":0},{"id":0,"level":0},{"id":0,"level":0},{"id":0,"level":0},{"id":0,"level":0},{"id":0,"level":0},{"id":0,"level":0},{"id":0,"level":0},{"id":0,"level":0},{"id":0,"level":0},{"id":0,"level":0},{"id":0,"level":0},{"id":0,"level":0},{"id":0,"level":0},{"id":0,"level":0},{"id":0,"level":0},{"id":0,"level":0},{"id":0,"level":0},{"id":0,"level":0},{"id":0,"level":0},{"id":0,"level":0},{"id":0,"level":0},{"id":0,"level":0},{"id":0,"level":0},{"id":0,"level":0},{"id":0,"level":0},{"id":0,"level":0},{"id":0,"level":0},{"id":0,"level":0},{"id":0,"level":0},{"id":0,"level":0},{"id":0,"level":0},{"id":0,"level":0},{"id":0,"level":0},{"id":0,"level":0},{"id":0,"level":0},{"id":0,"level":0},{"id":5,"level":33},{"id":0,"level":0},{"id":0,"level":0},{"id":0,"level":0},{"id":0,"level":0},{"id":0,"level":0},{"id":0,"level":0},{"id":0,"level":0},{"id":0,"level":0},{"id":0,"level":0},{"id":0,"level":0},{"id":5,"level":33},{"id":0,"level":0},{"id":0,"level":0},{"id":0,"level":0},{"id":0,"level":0},{"id":0,"level":0},{"id":0,"level":0},{"id":0,"level":0},{"id":10,"level":7},{"id":0,"level":0},{"id":0,"level":0},{"id":5,"level":33},{"id":0,"level":0},{"id":0,"level":0},{"id":10,"level":7},{"id":0,"level":0},{"id":0,"level":0},{"id":0,"level":0},{"id":0,"level":0},{"id":0,"level":0},{"id":0,"level":0},{"id":0,"level":0},{"id":5,"level":33},{"id":0,"level":0},{"id":0,"level":0},{"id":0,"level":0},{"id":0,"level":0},{"id":0,"level":0},{"id":10,"level":7},{"id":0,"level":0},{"id":0,"level":0},{"id":0,"level":0},{"id":0,"level":0},{"id":0,"level":0},{"id":0,"level":0},{"id":0,"level":0},{"id":0,"level":0},{"id":0,"level":0},{"id":10,"level":7},{"id":5,"level":33},{"id":0,"level":0},{"id":5,"level":33},{"id":0,"level":0},{"id":0,"level":0},{"id":5,"level":33},{"id":0,"level":0},{"id":0,"level":0},{"id":5,"level":33},{"id":0,"level":0},{"id":5,"level":33},{"id":0,"level":0},{"id":0,"level":0},{"id":0,"level":0},{"id":0,"level":0},{"id":0,"level":0},{"id":5,"level":33},{"id":0,"level":0},{"id":0,"level":0},{"id":0,"level":0},{"id":0,"level":0},{"id":0,"level":0},{"id":0,"level":0},{"id":0,"level":0},{"id":0,"level":0},{"id":10,"level":7},{"id":0,"level":0},{"id":5,"level":33},{"id":0,"level":0},{"id":10,"level":7},{"id":0,"level":0},{"id":0,"level":0},{"id":0,"level":0},{"id":0,"level":0},{"id":0,"level":0},{"id":0,"level":0},{"id":0,"level":0},{"id":0,"level":0},{"id":5,"level":33},{"id":0,"level":0},{"id":0,"level":0},{"id":0,"level":0},{"id":0,"level":0},{"id":0,"level":0},{"id":5,"level":33},{"id":5,"level":33},{"id":5,"level":33},{"id":0,"level":0},{"id":0,"level":0},{"id":5,"level":33},{"id":0,"level":0},{"id":0,"level":0},{"id":5,"level":33},{"id":5,"level":33},{"id":5,"level":33}],"powActive":false,"powValue":3},{"id":2,"time":15.0,"enemyInfos":[{"id":0,"level":0},{"id":0,"level":0},{"id":0,"level":0},{"id":0,"level":0},{"id":0,"level":0},{"id":0,"level":0},{"id":0,"level":0},{"id":0,"level":0},{"id":0,"level":0},{"id":0,"level":0},{"id":0,"level":0},{"id":0,"level":0},{"id":0,"level":0},{"id":0,"level":0},{"id":0,"level":0},{"id":0,"level":0},{"id":0,"level":0},{"id":0,"level":0},{"id":0,"level":0},{"id":0,"level":0},{"id":0,"level":0},{"id":0,"level":0},{"id":0,"level":0},{"id":0,"level":0},{"id":0,"level":0},{"id":0,"level":0},{"id":0,"level":0},{"id":0,"level":0},{"id":0,"level":0},{"id":0,"level":0},{"id":0,"level":0},{"id":0,"level":0},{"id":0,"level":0},{"id":0,"level":0},{"id":0,"level":0},{"id":0,"level":0},{"id":0,"level":0},{"id":0,"level":0},{"id":0,"level":0},{"id":0,"level":0},{"id":0,"level":0},{"id":0,"level":0},{"id":0,"level":0},{"id":0,"level":0},{"id":0,"level":0},{"id":0,"level":0},{"id":0,"level":0},{"id":13,"level":7},{"id":0,"level":0},{"id":0,"level":0},{"id":0,"level":0},{"id":13,"level":7},{"id":0,"level":0},{"id":0,"level":0},{"id":0,"level":0},{"id":0,"level":0},{"id":10,"level":7},{"id":0,"level":0},{"id":13,"level":7},{"id":0,"level":0},{"id":0,"level":0},{"id":0,"level":0},{"id":13,"level":7},{"id":0,"level":0},{"id":10,"level":7},{"id":0,"level":0},{"id":0,"level":0},{"id":0,"level":0},{"id":0,"level":0},{"id":13,"level":7},{"id":13,"level":7},{"id":0,"level":0},{"id":13,"level":7},{"id":13,"level":7},{"id":0,"level":0},{"id":0,"level":0},{"id":0,"level":0},{"id":5,"level":33},{"id":0,"level":0},{"id":0,"level":0},{"id":0,"level":0},{"id":0,"level":0},{"id":0,"level":0},{"id":0,"level":0},{"id":0,"level":0},{"id":0,"level":0},{"id":0,"level":0},{"id":5,"level":33},{"id":0,"level":0},{"id":5,"level":33},{"id":0,"level":0},{"id":0,"level":0},{"id":0,"level":0},{"id":5,"level":33},{"id":0,"level":0},{"id":0,"level":0},{"id":0,"level":0},{"id":5,"level":33},{"id":0,"level":0},{"id":0,"level":0},{"id":0,"level":0},{"id":5,"level":33},{"id":0,"level":0},{"id":5,"level":33},{"id":0,"level":0},{"id":5,"level":33},{"id":0,"level":0},{"id":5,"level":33},{"id":0,"level":0},{"id":0,"level":0},{"id":10,"level":7},{"id":0,"level":0},{"id":0,"level":0},{"id":5,"level":33},{"id":0,"level":0},{"id":10,"level":7},{"id":0,"level":0},{"id":5,"level":33},{"id":0,"level":0},{"id":0,"level":0},{"id":10,"level":7},{"id":0,"level":0},{"id":0,"level":0},{"id":0,"level":0},{"id":0,"level":0},{"id":5,"level":33},{"id":5,"level":33},{"id":5,"level":33},{"id":0,"level":0},{"id":0,"level":0},{"id":0,"level":0},{"id":0,"level":0},{"id":0,"level":0},{"id":0,"level":0},{"id":10,"level":7},{"id":0,"level":0},{"id":0,"level":0},{"id":5,"level":33},{"id":0,"level":0},{"id":0,"level":0},{"id":10,"level":7},{"id":0,"level":0},{"id":0,"level":0}],"powActive":false,"powValue":3},{"id":3,"time":15.0,"enemyInfos":[{"id":0,"level":0},{"id":0,"level":0},{"id":0,"level":0},{"id":0,"level":0},{"id":0,"level":0},{"id":0,"level":0},{"id":0,"level":0},{"id":0,"level":0},{"id":0,"level":0},{"id":0,"level":0},{"id":0,"level":0},{"id":0,"level":0},{"id":0,"level":0},{"id":0,"level":0},{"id":0,"level":0},{"id":0,"level":0},{"id":0,"level":0},{"id":0,"level":0},{"id":0,"level":0},{"id":0,"level":0},{"id":0,"level":0},{"id":0,"level":0},{"id":0,"level":0},{"id":0,"level":0},{"id":0,"level":0},{"id":0,"level":0},{"id":0,"level":0},{"id":0,"level":0},{"id":0,"level":0},{"id":0,"level":0},{"id":0,"level":0},{"id":0,"level":0},{"id":0,"level":0},{"id":0,"level":0},{"id":0,"level":0},{"id":0,"level":0},{"id":0,"level":0},{"id":0,"level":0},{"id":0,"level":0},{"id":0,"level":0},{"id":0,"level":0},{"id":0,"level":0},{"id":0,"level":0},{"id":0,"level":0},{"id":0,"level":0},{"id":0,"level":0},{"id":0,"level":0},{"id":10,"level":7},{"id":0,"level":0},{"id":0,"level":0},{"id":0,"level":0},{"id":10,"level":7},{"id":0,"level":0},{"id":0,"level":0},{"id":0,"level":0},{"id":0,"level":0},{"id":0,"level":0},{"id":0,"level":0},{"id":0,"level":0},{"id":0,"level":0},{"id":10,"level":7},{"id":0,"level":0},{"id":0,"level":0},{"id":0,"level":0},{"id":0,"level":0},{"id":0,"level":0},{"id":0,"level":0},{"id":0,"level":0},{"id":0,"level":0},{"id":0,"level":0},{"id":0,"level":0},{"id":0,"level":0},{"id":0,"level":0},{"id":0,"level":0},{"id":0,"level":0},{"id":0,"level":0},{"id":0,"level":0},{"id":0,"level":0},{"id":0,"level":0},{"id":0,"level":0},{"id":0,"level":0},{"id":0,"level":0},{"id":10,"level":7},{"id":0,"level":0},{"id":0,"level":0},{"id":0,"level":0},{"id":0,"level":0},{"id":0,"level":0},{"id":0,"level":0},{"id":0,"level":0},{"id":10,"level":7},{"id":0,"level":0},{"id":0,"level":0},{"id":0,"level":0},{"id":0,"level":0},{"id":0,"level":0},{"id":10,"level":7},{"id":0,"level":0},{"id":0,"level":0},{"id":10,"level":7},{"id":0,"level":0},{"id":0,"level":0},{"id":0,"level":0},{"id":0,"level":0},{"id":0,"level":0},{"id":0,"level":0},{"id":0,"level":0},{"id":0,"level":0},{"id":0,"level":0},{"id":10,"level":7},{"id":0,"level":0},{"id":0,"level":0},{"id":13,"level":7},{"id":13,"level":7},{"id":0,"level":0},{"id":0,"level":0},{"id":0,"level":0},{"id":13,"level":7},{"id":13,"level":7},{"id":0,"level":0},{"id":0,"level":0},{"id":13,"level":7},{"id":13,"level":7},{"id":13,"level":7},{"id":0,"level":0},{"id":0,"level":0},{"id":0,"level":0},{"id":0,"level":0},{"id":0,"level":0},{"id":13,"level":7},{"id":13,"level":7},{"id":13,"level":7},{"id":0,"level":0},{"id":0,"level":0},{"id":0,"level":0},{"id":10,"level":7},{"id":0,"level":0},{"id":0,"level":0},{"id":0,"level":0},{"id":10,"level":7},{"id":0,"level":0},{"id":0,"level":0},{"id":0,"level":0}],"powActive":false,"powValue":3},{"id":4,"time":15.0,"enemyInfos":[{"id":0,"level":0},{"id":0,"level":0},{"id":0,"level":0},{"id":0,"level":0},{"id":0,"level":0},{"id":0,"level":0},{"id":0,"level":0},{"id":0,"level":0},{"id":0,"level":0},{"id":0,"level":0},{"id":0,"level":0},{"id":0,"level":0},{"id":0,"level":0},{"id":0,"level":0},{"id":0,"level":0},{"id":0,"level":0},{"id":0,"level":0},{"id":0,"level":0},{"id":0,"level":0},{"id":0,"level":0},{"id":0,"level":0},{"id":0,"level":0},{"id":0,"level":0},{"id":0,"level":0},{"id":0,"level":0},{"id":0,"level":0},{"id":0,"level":0},{"id":0,"level":0},{"id":0,"level":0},{"id":0,"level":0},{"id":0,"level":0},{"id":0,"level":0},{"id":0,"level":0},{"id":0,"level":0},{"id":0,"level":0},{"id":10,"level":7},{"id":0,"level":0},{"id":0,"level":0},{"id":5,"level":33},{"id":0,"level":0},{"id":0,"level":0},{"id":10,"level":7},{"id":0,"level":0},{"id":0,"level":0},{"id":0,"level":0},{"id":0,"level":0},{"id":0,"level":0},{"id":0,"level":0},{"id":0,"level":0},{"id":5,"level":33},{"id":0,"level":0},{"id":0,"level":0},{"id":0,"level":0},{"id":0,"level":0},{"id":0,"level":0},{"id":5,"level":33},{"id":5,"level":33},{"id":0,"level":0},{"id":0,"level":0},{"id":0,"level":0},{"id":5,"level":33},{"id":0,"level":0},{"id":0,"level":0},{"id":0,"level":0},{"id":5,"level":33},{"id":5,"level":33},{"id":0,"level":0},{"id":5,"level":33},{"id":0,"level":0},{"id":0,"level":0},{"id":0,"level":0},{"id":5,"level":33},{"id":0,"level":0},{"id":0,"level":0},{"id":0,"level":0},{"id":5,"level":33},{"id":0,"level":0},{"id":0,"level":0},{"id":0,"level":0},{"id":0,"level":0},{"id":10,"level":7},{"id":0,"level":0},{"id":0,"level":0},{"id":0,"level":0},{"id":10,"level":7},{"id":0,"level":0},{"id":0,"level":0},{"id":0,"level":0},{"id":10,"level":7},{"id":0,"level":0},{"id":0,"level":0},{"id":0,"level":0},{"id":0,"level":0},{"id":0,"level":0},{"id":0,"level":0},{"id":0,"level":0},{"id":0,"level":0},{"id":0,"level":0},{"id":10,"level":7},{"id":0,"level":0},{"id":0,"level":0},{"id":0,"level":0},{"id":0,"level":0},{"id":0,"level":0},{"id":10,"level":7},{"id":0,"level":0},{"id":0,"level":0},{"id":0,"level":0},{"id":0,"level":0},{"id":0,"level":0},{"id":5,"level":33},{"id":0,"level":0},{"id":0,"level":0},{"id":0,"level":0},{"id":0,"level":0},{"id":0,"level":0},{"id":0,"level":0},{"id":0,"level":0},{"id":0,"level":0},{"id":0,"level":0},{"id":5,"level":33},{"id":0,"level":0},{"id":5,"level":33},{"id":5,"level":33},{"id":5,"level":33},{"id":0,"level":0},{"id":0,"level":0},{"id":0,"level":0},{"id":5,"level":33},{"id":5,"level":33},{"id":5,"level":33},{"id":0,"level":0},{"id":0,"level":0},{"id":0,"level":0},{"id":0,"level":0},{"id":5,"level":33},{"id":5,"level":33},{"id":0,"level":0},{"id":5,"level":33},{"id":5,"level":33},{"id":0,"level":0},{"id":0,"level":0},{"id":0,"level":0}],"powActive":false,"powValue":3},{"id":5,"time":15.0,"enemyInfos":[{"id":0,"level":0},{"id":0,"level":0},{"id":0,"level":0},{"id":0,"level":0},{"id":10,"level":7},{"id":10,"level":7},{"id":10,"level":7},{"id":0,"level":0},{"id":0,"level":0},{"id":0,"level":0},{"id":0,"level":0},{"id":0,"level":0},{"id":0,"level":0},{"id":0,"level":0},{"id":0,"level":0},{"id":10,"level":7},{"id":0,"level":0},{"id":10,"level":7},{"id":0,"level":0},{"id":0,"level":0},{"id":0,"level":0},{"id":0,"level":0},{"id":0,"level":0},{"id":0,"level":0},{"id":0,"level":0},{"id":0,"level":0},{"id":10,"level":7},{"id":10,"level":7},{"id":10,"level":7},{"id":0,"level":0},{"id":0,"level":0},{"id":0,"level":0},{"id":0,"level":0},{"id":0,"level":0},{"id":0,"level":0},{"id":0,"level":0},{"id":0,"level":0},{"id":0,"level":0},{"id":0,"level":0},{"id":0,"level":0},{"id":5,"level":33},{"id":0,"level":0},{"id":5,"level":33},{"id":0,"level":0},{"id":0,"level":0},{"id":0,"level":0},{"id":0,"level":0},{"id":0,"level":0},{"id":0,"level":0},{"id":0,"level":0},{"id":0,"level":0},{"id":5,"level":33},{"id":0,"level":0},{"id":5,"level":33},{"id":0,"level":0},{"id":0,"level":0},{"id":0,"level":0},{"id":0,"level":0},{"id":0,"level":0},{"id":0,"level":0},{"id":0,"level":0},{"id":0,"level":0},{"id":5,"level":33},{"id":0,"level":0},{"id":5,"level":33},{"id":0,"level":0},{"id":0,"level":0},{"id":0,"level":0},{"id":0,"level":0},{"id":0,"level":0},{"id":0,"level":0},{"id":0,"level":0},{"id":0,"level":0},{"id":5,"level":33},{"id":0,"level":0},{"id":5,"level":33},{"id":0,"level":0},{"id":0,"level":0},{"id":0,"level":0},{"id":0,"level":0},{"id":0,"level":0},{"id":0,"level":0},{"id":0,"level":0},{"id":0,"level":0},{"id":5,"level":33},{"id":0,"level":0},{"id":5,"level":33},{"id":0,"level":0},{"id":0,"level":0},{"id":13,"level":7},{"id":0,"level":0},{"id":13,"level":7},{"id":0,"level":0},{"id":0,"level":0},{"id":0,"level":0},{"id":0,"level":0},{"id":0,"level":0},{"id":0,"level":0},{"id":0,"level":0},{"id":0,"level":0},{"id":13,"level":7},{"id":0,"level":0},{"id":13,"level":7},{"id":0,"level":0},{"id":0,"level":0},{"id":0,"level":0},{"id":0,"level":0},{"id":0,"level":0},{"id":0,"level":0},{"id":0,"level":0},{"id":0,"level":0},{"id":13,"level":7},{"id":0,"level":0},{"id":13,"level":7},{"id":0,"level":0},{"id":0,"level":0},{"id":0,"level":0},{"id":0,"level":0},{"id":0,"level":0},{"id":0,"level":0},{"id":0,"level":0},{"id":0,"level":0},{"id":13,"level":7},{"id":0,"level":0},{"id":13,"level":7},{"id":0,"level":0},{"id":0,"level":0},{"id":0,"level":0},{"id":0,"level":0},{"id":0,"level":0},{"id":0,"level":0},{"id":0,"level":0},{"id":0,"level":0},{"id":13,"level":7},{"id":0,"level":0},{"id":13,"level":7},{"id":0,"level":0},{"id":0,"level":0},{"id":0,"level":0},{"id":0,"level":0},{"id":0,"level":0},{"id":0,"level":0},{"id":0,"level":0}],"powActive":false,"powValue":3},{"id":6,"time":15.0,"enemyInfos":[{"id":0,"level":0},{"id":0,"level":0},{"id":0,"level":0},{"id":0,"level":0},{"id":0,"level":0},{"id":0,"level":0},{"id":0,"level":0},{"id":0,"level":0},{"id":0,"level":0},{"id":0,"level":0},{"id":0,"level":0},{"id":0,"level":0},{"id":0,"level":0},{"id":0,"level":0},{"id":0,"level":0},{"id":0,"level":0},{"id":0,"level":0},{"id":0,"level":0},{"id":0,"level":0},{"id":0,"level":0},{"id":0,"level":0},{"id":0,"level":0},{"id":0,"level":0},{"id":0,"level":0},{"id":0,"level":0},{"id":0,"level":0},{"id":0,"level":0},{"id":0,"level":0},{"id":0,"level":0},{"id":0,"level":0},{"id":0,"level":0},{"id":0,"level":0},{"id":0,"level":0},{"id":0,"level":0},{"id":0,"level":0},{"id":0,"level":0},{"id":0,"level":0},{"id":0,"level":0},{"id":0,"level":0},{"id":0,"level":0},{"id":0,"level":0},{"id":0,"level":0},{"id":0,"level":0},{"id":0,"level":0},{"id":0,"level":0},{"id":0,"level":0},{"id":0,"level":0},{"id":0,"level":0},{"id":0,"level":0},{"id":0,"level":0},{"id":0,"level":0},{"id":0,"level":0},{"id":0,"level":0},{"id":0,"level":0},{"id":0,"level":0},{"id":0,"level":0},{"id":0,"level":0},{"id":0,"level":0},{"id":0,"level":0},{"id":0,"level":0},{"id":0,"level":0},{"id":0,"level":0},{"id":0,"level":0},{"id":0,"level":0},{"id":0,"level":0},{"id":0,"level":0},{"id":0,"level":0},{"id":0,"level":0},{"id":0,"level":0},{"id":10,"level":7},{"id":0,"level":0},{"id":0,"level":0},{"id":0,"level":0},{"id":10,"level":7},{"id":0,"level":0},{"id":0,"level":0},{"id":0,"level":0},{"id":0,"level":0},{"id":0,"level":0},{"id":0,"level":0},{"id":10,"level":7},{"id":10,"level":7},{"id":0,"level":0},{"id":10,"level":7},{"id":10,"level":7},{"id":0,"level":0},{"id":0,"level":0},{"id":0,"level":0},{"id":13,"level":7},{"id":13,"level":7},{"id":0,"level":0},{"id":0,"level":0},{"id":10,"level":7},{"id":10,"level":7},{"id":10,"level":7},{"id":0,"level":0},{"id":0,"level":0},{"id":5,"level":33},{"id":5,"level":33},{"id":0,"level":0},{"id":13,"level":7},{"id":13,"level":7},{"id":0,"level":0},{"id":0,"level":0},{"id":10,"level":7},{"id":0,"level":0},{"id":0,"level":0},{"id":5,"level":33},{"id":5,"level":33},{"id":0,"level":0},{"id":0,"level":0},{"id":0,"level":0},{"id":13,"level":7},{"id":13,"level":7},{"id":0,"level":0},{"id":0,"level":0},{"id":0,"level":0},{"id":5,"level":33},{"id":5,"level":33},{"id":0,"level":0},{"id":0,"level":0},{"id":0,"level":0},{"id":0,"level":0},{"id":0,"level":0},{"id":13,"level":7},{"id":13,"level":7},{"id":0,"level":0},{"id":5,"level":33},{"id":5,"level":33},{"id":0,"level":0},{"id":0,"level":0},{"id":0,"level":0},{"id":0,"level":0},{"id":0,"level":0},{"id":0,"level":0},{"id":0,"level":0},{"id":13,"level":7},{"id":0,"level":0},{"id":5,"level":33},{"id":0,"level":0},{"id":0,"level":0},{"id":0,"level":0},{"id":0,"level":0}],"powActive":false,"powValue":3},{"id":7,"time":15.0,"enemyInfos":[{"id":0,"level":0},{"id":0,"level":0},{"id":0,"level":0},{"id":0,"level":0},{"id":0,"level":0},{"id":0,"level":0},{"id":0,"level":0},{"id":0,"level":0},{"id":0,"level":0},{"id":0,"level":0},{"id":0,"level":0},{"id":0,"level":0},{"id":0,"level":0},{"id":0,"level":0},{"id":0,"level":0},{"id":0,"level":0},{"id":0,"level":0},{"id":0,"level":0},{"id":0,"level":0},{"id":0,"level":0},{"id":0,"level":0},{"id":0,"level":0},{"id":0,"level":0},{"id":0,"level":0},{"id":0,"level":0},{"id":0,"level":0},{"id":0,"level":0},{"id":0,"level":0},{"id":0,"level":0},{"id":0,"level":0},{"id":0,"level":0},{"id":0,"level":0},{"id":0,"level":0},{"id":0,"level":0},{"id":0,"level":0},{"id":0,"level":0},{"id":0,"level":0},{"id":0,"level":0},{"id":0,"level":0},{"id":0,"level":0},{"id":0,"level":0},{"id":0,"level":0},{"id":0,"level":0},{"id":0,"level":0},{"id":0,"level":0},{"id":0,"level":0},{"id":0,"level":0},{"id":0,"level":0},{"id":0,"level":0},{"id":0,"level":0},{"id":0,"level":0},{"id":0,"level":0},{"id":0,"level":0},{"id":0,"level":0},{"id":0,"level":0},{"id":0,"level":0},{"id":0,"level":0},{"id":0,"level":0},{"id":0,"level":0},{"id":0,"level":0},{"id":0,"level":0},{"id":0,"level":0},{"id":0,"level":0},{"id":0,"level":0},{"id":0,"level":0},{"id":0,"level":0},{"id":0,"level":0},{"id":0,"level":0},{"id":0,"level":0},{"id":0,"level":0},{"id":0,"level":0},{"id":10,"level":7},{"id":0,"level":0},{"id":0,"level":0},{"id":0,"level":0},{"id":0,"level":0},{"id":0,"level":0},{"id":0,"level":0},{"id":0,"level":0},{"id":0,"level":0},{"id":0,"level":0},{"id":10,"level":7},{"id":0,"level":0},{"id":10,"level":7},{"id":0,"level":0},{"id":0,"level":0},{"id":0,"level":0},{"id":0,"level":0},{"id":0,"level":0},{"id":0,"level":0},{"id":0,"level":0},{"id":10,"level":7},{"id":0,"level":0},{"id":10,"level":7},{"id":0,"level":0},{"id":10,"level":7},{"id":0,"level":0},{"id":0,"level":0},{"id":0,"level":0},{"id":0,"level":0},{"id":0,"level":0},{"id":10,"level":7},{"id":0,"level":0},{"id":10,"level":7},{"id":0,"level":0},{"id":10,"level":7},{"id":0,"level":0},{"id":10,"level":7},{"id":0,"level":0},{"id":0,"level":0},{"id":0,"level":0},{"id":0,"level":0},{"id":0,"level":0},{"id":10,"level":7},{"id":0,"level":0},{"id":10,"level":7},{"id":0,"level":0},{"id":10,"level":7},{"id":0,"level":0},{"id":0,"level":0},{"id":0,"level":0},{"id":0,"level":0},{"id":0,"level":0},{"id":10,"level":7},{"id":0,"level":0},{"id":10,"level":7},{"id":0,"level":0},{"id":10,"level":7},{"id":0,"level":0},{"id":10,"level":7},{"id":0,"level":0},{"id":0,"level":0},{"id":0,"level":0},{"id":0,"level":0},{"id":0,"level":0},{"id":10,"level":7},{"id":0,"level":0},{"id":10,"level":7},{"id":0,"level":0},{"id":10,"level":7},{"id":0,"level":0},{"id":0,"level":0},{"id":0,"level":0}],"powActive":false,"powValue":3},{"id":8,"time":15.0,"enemyInfos":[{"id":0,"level":0},{"id":0,"level":0},{"id":0,"level":0},{"id":0,"level":0},{"id":0,"level":0},{"id":0,"level":0},{"id":0,"level":0},{"id":0,"level":0},{"id":0,"level":0},{"id":0,"level":0},{"id":0,"level":0},{"id":0,"level":0},{"id":0,"level":0},{"id":0,"level":0},{"id":0,"level":0},{"id":0,"level":0},{"id":0,"level":0},{"id":0,"level":0},{"id":0,"level":0},{"id":0,"level":0},{"id":0,"level":0},{"id":0,"level":0},{"id":0,"level":0},{"id":0,"level":0},{"id":0,"level":0},{"id":0,"level":0},{"id":0,"level":0},{"id":0,"level":0},{"id":0,"level":0},{"id":0,"level":0},{"id":0,"level":0},{"id":0,"level":0},{"id":0,"level":0},{"id":0,"level":0},{"id":0,"level":0},{"id":5,"level":33},{"id":5,"level":33},{"id":5,"level":33},{"id":5,"level":33},{"id":5,"level":33},{"id":5,"level":33},{"id":5,"level":33},{"id":5,"level":33},{"id":0,"level":0},{"id":0,"level":0},{"id":0,"level":0},{"id":5,"level":33},{"id":0,"level":0},{"id":0,"level":0},{"id":0,"level":0},{"id":0,"level":0},{"id":0,"level":0},{"id":0,"level":0},{"id":5,"level":33},{"id":0,"level":0},{"id":0,"level":0},{"id":0,"level":0},{"id":5,"level":33},{"id":0,"level":0},{"id":5,"level":33},{"id":5,"level":33},{"id":5,"level":33},{"id":5,"level":33},{"id":0,"level":0},{"id":0,"level":0},{"id":0,"level":0},{"id":0,"level":0},{"id":0,"level":0},{"id":5,"level":33},{"id":0,"level":0},{"id":5,"level":33},{"id":0,"level":0},{"id":0,"level":0},{"id":5,"level":33},{"id":0,"level":0},{"id":0,"level":0},{"id":0,"level":0},{"id":0,"level":0},{"id":0,"level":0},{"id":5,"level":33},{"id":0,"level":0},{"id":5,"level":33},{"id":5,"level":33},{"id":0,"level":0},{"id":5,"level":33},{"id":0,"level":0},{"id":0,"level":0},{"id":0,"level":0},{"id":0,"level":0},{"id":0,"level":0},{"id":5,"level":33},{"id":0,"level":0},{"id":0,"level":0},{"id":0,"level":0},{"id":0,"level":0},{"id":5,"level":33},{"id":0,"level":0},{"id":0,"level":0},{"id":0,"level":0},{"id":0,"level":0},{"id":0,"level":0},{"id":5,"level":33},{"id":5,"level":33},{"id":5,"level":33},{"id":5,"level":33},{"id":5,"level":33},{"id":5,"level":33},{"id":0,"level":0},{"id":0,"level":0},{"id":0,"level":0},{"id":0,"level":0},{"id":0,"level":0},{"id":0,"level":0},{"id":0,"level":0},{"id":0,"level":0},{"id":0,"level":0},{"id":0,"level":0},{"id":0,"level":0},{"id":0,"level":0},{"id":0,"level":0},{"id":0,"level":0},{"id":0,"level":0},{"id":0,"level":0},{"id":0,"level":0},{"id":0,"level":0},{"id":0,"level":0},{"id":0,"level":0},{"id":0,"level":0},{"id":0,"level":0},{"id":0,"level":0},{"id":0,"level":0},{"id":0,"level":0},{"id":0,"level":0},{"id":0,"level":0},{"id":0,"level":0},{"id":0,"level":0},{"id":0,"level":0},{"id":0,"level":0},{"id":0,"level":0},{"id":0,"level":0},{"id":0,"level":0},{"id":0,"level":0},{"id":0,"level":0}],"powActive":false,"powValue":3},{"id":9,"time":15.0,"enemyInfos":[{"id":0,"level":0},{"id":13,"level":7},{"id":13,"level":7},{"id":13,"level":7},{"id":0,"level":0},{"id":0,"level":0},{"id":0,"level":0},{"id":0,"level":0},{"id":0,"level":0},{"id":0,"level":0},{"id":0,"level":0},{"id":13,"level":7},{"id":0,"level":0},{"id":0,"level":0},{"id":0,"level":0},{"id":0,"level":0},{"id":0,"level":0},{"id":0,"level":0},{"id":0,"level":0},{"id":0,"level":0},{"id":0,"level":0},{"id":0,"level":0},{"id":0,"level":0},{"id":0,"level":0},{"id":0,"level":0},{"id":0,"level":0},{"id":0,"level":0},{"id":0,"level":0},{"id":0,"level":0},{"id":0,"level":0},{"id":0,"level":0},{"id":0,"level":0},{"id":13,"level":7},{"id":0,"level":0},{"id":0,"level":0},{"id":0,"level":0},{"id":0,"level":0},{"id":0,"level":0},{"id":0,"level":0},{"id":0,"level":0},{"id":13,"level":7},{"id":13,"level":7},{"id":13,"level":7},{"id":0,"level":0},{"id":0,"level":0},{"id":0,"level":0},{"id":0,"level":0},{"id":0,"level":0},{"id":0,"level":0},{"id":0,"level":0},{"id":13,"level":7},{"id":0,"level":0},{"id":0,"level":0},{"id":0,"level":0},{"id":0,"level":0},{"id":0,"level":0},{"id":0,"level":0},{"id":0,"level":0},{"id":0,"level":0},{"id":13,"level":7},{"id":0,"level":0},{"id":0,"level":0},{"id":0,"level":0},{"id":0,"level":0},{"id":0,"level":0},{"id":0,"level":0},{"id":0,"level":0},{"id":13,"level":7},{"id":13,"level":7},{"id":13,"level":7},{"id":0,"level":0},{"id":0,"level":0},{"id":0,"level":0},{"id":0,"level":0},{"id":0,"level":0},{"id":0,"level":0},{"id":0,"level":0},{"id":13,"level":7},{"id":0,"level":0},{"id":0,"level":0},{"id":0,"level":0},{"id":0,"level":0},{"id":0,"level":0},{"id":0,"level":0},{"id":0,"level":0},{"id":0,"level":0},{"id":0,"level":0},{"id":0,"level":0},{"id":0,"level":0},{"id":0,"level":0},{"id":0,"level":0},{"id":0,"level":0},{"id":0,"level":0},{"id":0,"level":0},{"id":0,"level":0},{"id":0,"level":0},{"id":0,"level":0},{"id":0,"level":0},{"id":13,"level":7},{"id":0,"level":0},{"id":0,"level":0},{"id":0,"level":0},{"id":0,"level":0},{"id":0,"level":0},{"id":0,"level":0},{"id":0,"level":0},{"id":13,"level":7},{"id":13,"level":7},{"id":13,"level":7},{"id":0,"level":0},{"id":0,"level":0},{"id":0,"level":0},{"id":0,"level":0},{"id":0,"level":0},{"id":0,"level":0},{"id":0,"level":0},{"id":13,"level":7},{"id":0,"level":0},{"id":0,"level":0},{"id":0,"level":0},{"id":0,"level":0},{"id":0,"level":0},{"id":0,"level":0},{"id":0,"level":0},{"id":0,"level":0},{"id":13,"level":7},{"id":0,"level":0},{"id":0,"level":0},{"id":0,"level":0},{"id":0,"level":0},{"id":0,"level":0},{"id":0,"level":0},{"id":0,"level":0},{"id":13,"level":7},{"id":13,"level":7},{"id":13,"level":7},{"id":0,"level":0},{"id":0,"level":0},{"id":0,"level":0},{"id":0,"level":0},{"id":0,"level":0},{"id":0,"level":0},{"id":0,"level":0}],"powActive":false,"powValue":3},{"id":10,"time":15.0,"enemyInfos":[{"id":0,"level":0},{"id":13,"level":7},{"id":0,"level":0},{"id":0,"level":0},{"id":0,"level":0},{"id":0,"level":0},{"id":0,"level":0},{"id":0,"level":0},{"id":0,"level":0},{"id":5,"level":33},{"id":0,"level":0},{"id":13,"level":7},{"id":0,"level":0},{"id":13,"level":7},{"id":0,"level":0},{"id":0,"level":0},{"id":10,"level":7},{"id":0,"level":0},{"id":0,"level":0},{"id":5,"level":33},{"id":0,"level":0},{"id":5,"level":33},{"id":0,"level":0},{"id":13,"level":7},{"id":0,"level":0},{"id":0,"level":0},{"id":10,"level":7},{"id":0,"level":0},{"id":10,"level":7},{"id":0,"level":0},{"id":0,"level":0},{"id":5,"level":33},{"id":0,"level":0},{"id":0,"level":0},{"id":0,"level":0},{"id":0,"level":0},{"id":0,"level":0},{"id":0,"level":0},{"id":10,"level":7},{"id":0,"level":0},{"id":0,"level":0},{"id":0,"level":0},{"id":0,"level":0},{"id":0,"level":0},{"id":0,"level":0},{"id":5,"level":33},{"id":0,"level":0},{"id":0,"level":0},{"id":0,"level":0},{"id":0,"level":0},{"id":0,"level":0},{"id":0,"level":0},{"id":0,"level":0},{"id":13,"level":7},{"id":0,"level":0},{"id":5,"level":33},{"id":0,"level":0},{"id":5,"level":33},{"id":0,"level":0},{"id":0,"level":0},{"id":0,"level":0},{"id":0,"level":0},{"id":0,"level":0},{"id":13,"level":7},{"id":0,"level":0},{"id":13,"level":7},{"id":0,"level":0},{"id":5,"level":33},{"id":0,"level":0},{"id":0,"level":0},{"id":0,"level":0},{"id":0,"level":0},{"id":0,"level":0},{"id":0,"level":0},{"id":0,"level":0},{"id":13,"level":7},{"id":0,"level":0},{"id":0,"level":0},{"id":0,"level":0},{"id":0,"level":0},{"id":0,"level":0},{"id":0,"level":0},{"id":13,"level":7},{"id":0,"level":0},{"id":0,"level":0},{"id":0,"level":0},{"id":0,"level":0},{"id":0,"level":0},{"id":0,"level":0},{"id":0,"level":0},{"id":0,"level":0},{"id":0,"level":0},{"id":13,"level":7},{"id":0,"level":0},{"id":13,"level":7},{"id":0,"level":0},{"id":0,"level":0},{"id":0,"level":0},{"id":0,"level":0},{"id":0,"level":0},{"id":0,"level":0},{"id":0,"level":0},{"id":0,"level":0},{"id":0,"level":0},{"id":13,"level":7},{"id":0,"level":0},{"id":0,"level":0},{"id":0,"level":0},{"id":0,"level":0},{"id":0,"level":0},{"id":0,"level":0},{"id":10,"level":7},{"id":0,"level":0},{"id":0,"level":0},{"id":0,"level":0},{"id":0,"level":0},{"id":0,"level":0},{"id":0,"level":0},{"id":0,"level":0},{"id":5,"level":33},{"id":0,"level":0},{"id":10,"level":7},{"id":0,"level":0},{"id":10,"level":7},{"id":0,"level":0},{"id":0,"level":0},{"id":0,"level":0},{"id":0,"level":0},{"id":0,"level":0},{"id":5,"level":33},{"id":0,"level":0},{"id":5,"level":33},{"id":0,"level":0},{"id":10,"level":7},{"id":0,"level":0},{"id":0,"level":0},{"id":0,"level":0},{"id":0,"level":0},{"id":0,"level":0},{"id":0,"level":0},{"id":0,"level":0},{"id":5,"level":33},{"id":0,"level":0}],"powActive":false,"powValue":3}],"enemyInfos":[{"id":10,"level":7},{"id":5,"level":33},{"id":13,"level":7}]}