{"id":6013,"waveNumber":10,"hpx":4.0,"damx":0.5,"coinBonus":45000,"userEXPBonus":1500,"heroEXPBonus":70000,"gemBonus":5,"gearBonus":0,"coinAFK":2700,"userEXPAFK":81,"heroEXPAFK":1800,"gemAFK":2,"gearAFK":20,"rateGearAFK":30,"coinBoss":0,"userEXPBoss":0,"heroEXPBoss":0,"gemBoss":0,"gearBoss":0,"powerFragmentBoss":0,"powerCrystalBoss":0,"powerDevineBoss":0,"waveInfos":[{"id":1,"time":10.0,"enemyInfos":[{"id":0,"level":0},{"id":0,"level":0},{"id":0,"level":0},{"id":0,"level":0},{"id":0,"level":0},{"id":0,"level":0},{"id":0,"level":0},{"id":0,"level":0},{"id":0,"level":0},{"id":0,"level":0},{"id":0,"level":0},{"id":0,"level":0},{"id":0,"level":0},{"id":0,"level":0},{"id":0,"level":0},{"id":0,"level":0},{"id":0,"level":0},{"id":0,"level":0},{"id":0,"level":0},{"id":0,"level":0},{"id":0,"level":0},{"id":0,"level":0},{"id":0,"level":0},{"id":0,"level":0},{"id":0,"level":0},{"id":0,"level":0},{"id":0,"level":0},{"id":0,"level":0},{"id":0,"level":0},{"id":0,"level":0},{"id":0,"level":0},{"id":0,"level":0},{"id":0,"level":0},{"id":0,"level":0},{"id":0,"level":0},{"id":0,"level":0},{"id":0,"level":0},{"id":0,"level":0},{"id":0,"level":0},{"id":0,"level":0},{"id":0,"level":0},{"id":0,"level":0},{"id":0,"level":0},{"id":0,"level":0},{"id":0,"level":0},{"id":0,"level":0},{"id":0,"level":0},{"id":1,"level":50},{"id":0,"level":0},{"id":0,"level":0},{"id":0,"level":0},{"id":1,"level":50},{"id":0,"level":0},{"id":0,"level":0},{"id":0,"level":0},{"id":0,"level":0},{"id":0,"level":0},{"id":1,"level":50},{"id":0,"level":0},{"id":0,"level":0},{"id":0,"level":0},{"id":0,"level":0},{"id":0,"level":0},{"id":1,"level":50},{"id":0,"level":0},{"id":0,"level":0},{"id":0,"level":0},{"id":1,"level":50},{"id":0,"level":0},{"id":0,"level":0},{"id":0,"level":0},{"id":0,"level":0},{"id":0,"level":0},{"id":0,"level":0},{"id":0,"level":0},{"id":1,"level":50},{"id":0,"level":0},{"id":1,"level":50},{"id":0,"level":0},{"id":0,"level":0},{"id":15,"level":7},{"id":0,"level":0},{"id":15,"level":7},{"id":0,"level":0},{"id":15,"level":7},{"id":0,"level":0},{"id":0,"level":0},{"id":1,"level":50},{"id":0,"level":0},{"id":0,"level":0},{"id":0,"level":0},{"id":0,"level":0},{"id":14,"level":12},{"id":0,"level":0},{"id":14,"level":12},{"id":0,"level":0},{"id":0,"level":0},{"id":0,"level":0},{"id":0,"level":0},{"id":0,"level":0},{"id":0,"level":0},{"id":1,"level":50},{"id":0,"level":0},{"id":0,"level":0},{"id":14,"level":12},{"id":0,"level":0},{"id":0,"level":0},{"id":1,"level":50},{"id":0,"level":0},{"id":0,"level":0},{"id":0,"level":0},{"id":1,"level":50},{"id":0,"level":0},{"id":1,"level":50},{"id":0,"level":0},{"id":0,"level":0},{"id":0,"level":0},{"id":1,"level":50},{"id":0,"level":0},{"id":1,"level":50},{"id":0,"level":0},{"id":0,"level":0},{"id":0,"level":0},{"id":0,"level":0},{"id":1,"level":50},{"id":0,"level":0},{"id":0,"level":0},{"id":0,"level":0},{"id":1,"level":50},{"id":0,"level":0},{"id":0,"level":0},{"id":0,"level":0},{"id":14,"level":12},{"id":0,"level":0},{"id":14,"level":12},{"id":0,"level":0},{"id":1,"level":50},{"id":0,"level":0},{"id":1,"level":50},{"id":0,"level":0},{"id":14,"level":12},{"id":0,"level":0},{"id":14,"level":12}],"powActive":false,"powValue":3},{"id":2,"time":15.0,"enemyInfos":[{"id":0,"level":0},{"id":0,"level":0},{"id":0,"level":0},{"id":0,"level":0},{"id":0,"level":0},{"id":0,"level":0},{"id":0,"level":0},{"id":0,"level":0},{"id":0,"level":0},{"id":0,"level":0},{"id":0,"level":0},{"id":0,"level":0},{"id":0,"level":0},{"id":0,"level":0},{"id":0,"level":0},{"id":0,"level":0},{"id":0,"level":0},{"id":0,"level":0},{"id":0,"level":0},{"id":0,"level":0},{"id":0,"level":0},{"id":0,"level":0},{"id":0,"level":0},{"id":0,"level":0},{"id":0,"level":0},{"id":0,"level":0},{"id":0,"level":0},{"id":0,"level":0},{"id":0,"level":0},{"id":0,"level":0},{"id":0,"level":0},{"id":0,"level":0},{"id":0,"level":0},{"id":0,"level":0},{"id":0,"level":0},{"id":0,"level":0},{"id":0,"level":0},{"id":0,"level":0},{"id":0,"level":0},{"id":0,"level":0},{"id":0,"level":0},{"id":0,"level":0},{"id":0,"level":0},{"id":0,"level":0},{"id":0,"level":0},{"id":0,"level":0},{"id":1,"level":50},{"id":0,"level":0},{"id":0,"level":0},{"id":0,"level":0},{"id":0,"level":0},{"id":0,"level":0},{"id":1,"level":50},{"id":0,"level":0},{"id":0,"level":0},{"id":0,"level":0},{"id":1,"level":50},{"id":0,"level":0},{"id":1,"level":50},{"id":0,"level":0},{"id":0,"level":0},{"id":0,"level":0},{"id":1,"level":50},{"id":0,"level":0},{"id":1,"level":50},{"id":0,"level":0},{"id":1,"level":50},{"id":0,"level":0},{"id":0,"level":0},{"id":0,"level":0},{"id":0,"level":0},{"id":0,"level":0},{"id":0,"level":0},{"id":0,"level":0},{"id":0,"level":0},{"id":0,"level":0},{"id":1,"level":50},{"id":0,"level":0},{"id":0,"level":0},{"id":0,"level":0},{"id":1,"level":50},{"id":0,"level":0},{"id":0,"level":0},{"id":0,"level":0},{"id":1,"level":50},{"id":0,"level":0},{"id":0,"level":0},{"id":0,"level":0},{"id":0,"level":0},{"id":0,"level":0},{"id":1,"level":50},{"id":0,"level":0},{"id":1,"level":50},{"id":0,"level":0},{"id":1,"level":50},{"id":0,"level":0},{"id":1,"level":50},{"id":0,"level":0},{"id":0,"level":0},{"id":0,"level":0},{"id":0,"level":0},{"id":0,"level":0},{"id":0,"level":0},{"id":0,"level":0},{"id":0,"level":0},{"id":0,"level":0},{"id":0,"level":0},{"id":0,"level":0},{"id":0,"level":0},{"id":0,"level":0},{"id":1,"level":50},{"id":0,"level":0},{"id":0,"level":0},{"id":14,"level":12},{"id":14,"level":12},{"id":0,"level":0},{"id":14,"level":12},{"id":14,"level":12},{"id":0,"level":0},{"id":0,"level":0},{"id":1,"level":50},{"id":0,"level":0},{"id":1,"level":50},{"id":0,"level":0},{"id":14,"level":12},{"id":0,"level":0},{"id":14,"level":12},{"id":0,"level":0},{"id":14,"level":12},{"id":0,"level":0},{"id":1,"level":50},{"id":0,"level":0},{"id":1,"level":50},{"id":0,"level":0},{"id":0,"level":0},{"id":14,"level":12},{"id":14,"level":12},{"id":0,"level":0},{"id":14,"level":12},{"id":14,"level":12},{"id":0,"level":0},{"id":0,"level":0},{"id":1,"level":50}],"powActive":false,"powValue":3},{"id":3,"time":15.0,"enemyInfos":[{"id":0,"level":0},{"id":0,"level":0},{"id":0,"level":0},{"id":0,"level":0},{"id":0,"level":0},{"id":0,"level":0},{"id":0,"level":0},{"id":0,"level":0},{"id":0,"level":0},{"id":0,"level":0},{"id":0,"level":0},{"id":0,"level":0},{"id":0,"level":0},{"id":0,"level":0},{"id":0,"level":0},{"id":0,"level":0},{"id":0,"level":0},{"id":0,"level":0},{"id":0,"level":0},{"id":0,"level":0},{"id":0,"level":0},{"id":0,"level":0},{"id":0,"level":0},{"id":0,"level":0},{"id":0,"level":0},{"id":0,"level":0},{"id":0,"level":0},{"id":0,"level":0},{"id":0,"level":0},{"id":0,"level":0},{"id":0,"level":0},{"id":0,"level":0},{"id":0,"level":0},{"id":0,"level":0},{"id":0,"level":0},{"id":0,"level":0},{"id":0,"level":0},{"id":0,"level":0},{"id":0,"level":0},{"id":0,"level":0},{"id":0,"level":0},{"id":0,"level":0},{"id":0,"level":0},{"id":0,"level":0},{"id":0,"level":0},{"id":0,"level":0},{"id":0,"level":0},{"id":0,"level":0},{"id":0,"level":0},{"id":0,"level":0},{"id":0,"level":0},{"id":0,"level":0},{"id":0,"level":0},{"id":0,"level":0},{"id":0,"level":0},{"id":1,"level":50},{"id":0,"level":0},{"id":1,"level":50},{"id":0,"level":0},{"id":1,"level":50},{"id":0,"level":0},{"id":1,"level":50},{"id":0,"level":0},{"id":1,"level":50},{"id":0,"level":0},{"id":1,"level":50},{"id":0,"level":0},{"id":0,"level":0},{"id":0,"level":0},{"id":0,"level":0},{"id":1,"level":50},{"id":0,"level":0},{"id":1,"level":50},{"id":0,"level":0},{"id":0,"level":0},{"id":0,"level":0},{"id":0,"level":0},{"id":0,"level":0},{"id":1,"level":50},{"id":0,"level":0},{"id":1,"level":50},{"id":0,"level":0},{"id":15,"level":7},{"id":0,"level":0},{"id":1,"level":50},{"id":0,"level":0},{"id":1,"level":50},{"id":0,"level":0},{"id":0,"level":0},{"id":0,"level":0},{"id":0,"level":0},{"id":0,"level":0},{"id":15,"level":7},{"id":0,"level":0},{"id":15,"level":7},{"id":0,"level":0},{"id":0,"level":0},{"id":0,"level":0},{"id":0,"level":0},{"id":0,"level":0},{"id":0,"level":0},{"id":0,"level":0},{"id":15,"level":7},{"id":0,"level":0},{"id":0,"level":0},{"id":0,"level":0},{"id":15,"level":7},{"id":0,"level":0},{"id":0,"level":0},{"id":0,"level":0},{"id":1,"level":50},{"id":0,"level":0},{"id":1,"level":50},{"id":0,"level":0},{"id":0,"level":0},{"id":15,"level":7},{"id":0,"level":0},{"id":0,"level":0},{"id":1,"level":50},{"id":0,"level":0},{"id":1,"level":50},{"id":0,"level":0},{"id":0,"level":0},{"id":1,"level":50},{"id":0,"level":0},{"id":0,"level":0},{"id":0,"level":0},{"id":0,"level":0},{"id":0,"level":0},{"id":1,"level":50},{"id":0,"level":0},{"id":0,"level":0},{"id":0,"level":0},{"id":0,"level":0},{"id":1,"level":50},{"id":0,"level":0},{"id":1,"level":50},{"id":1,"level":50},{"id":1,"level":50},{"id":0,"level":0},{"id":1,"level":50},{"id":0,"level":0},{"id":0,"level":0}],"powActive":false,"powValue":3},{"id":4,"time":15.0,"enemyInfos":[{"id":0,"level":0},{"id":0,"level":0},{"id":0,"level":0},{"id":0,"level":0},{"id":0,"level":0},{"id":0,"level":0},{"id":0,"level":0},{"id":0,"level":0},{"id":0,"level":0},{"id":0,"level":0},{"id":0,"level":0},{"id":0,"level":0},{"id":0,"level":0},{"id":0,"level":0},{"id":0,"level":0},{"id":0,"level":0},{"id":0,"level":0},{"id":0,"level":0},{"id":0,"level":0},{"id":0,"level":0},{"id":0,"level":0},{"id":0,"level":0},{"id":0,"level":0},{"id":0,"level":0},{"id":0,"level":0},{"id":0,"level":0},{"id":0,"level":0},{"id":0,"level":0},{"id":0,"level":0},{"id":0,"level":0},{"id":0,"level":0},{"id":0,"level":0},{"id":0,"level":0},{"id":0,"level":0},{"id":0,"level":0},{"id":0,"level":0},{"id":0,"level":0},{"id":0,"level":0},{"id":0,"level":0},{"id":0,"level":0},{"id":0,"level":0},{"id":0,"level":0},{"id":0,"level":0},{"id":0,"level":0},{"id":0,"level":0},{"id":0,"level":0},{"id":15,"level":7},{"id":0,"level":0},{"id":0,"level":0},{"id":0,"level":0},{"id":0,"level":0},{"id":0,"level":0},{"id":15,"level":7},{"id":0,"level":0},{"id":0,"level":0},{"id":0,"level":0},{"id":0,"level":0},{"id":0,"level":0},{"id":0,"level":0},{"id":15,"level":7},{"id":0,"level":0},{"id":15,"level":7},{"id":0,"level":0},{"id":0,"level":0},{"id":0,"level":0},{"id":0,"level":0},{"id":1,"level":50},{"id":0,"level":0},{"id":0,"level":0},{"id":15,"level":7},{"id":0,"level":0},{"id":0,"level":0},{"id":0,"level":0},{"id":15,"level":7},{"id":0,"level":0},{"id":0,"level":0},{"id":1,"level":50},{"id":0,"level":0},{"id":1,"level":50},{"id":0,"level":0},{"id":0,"level":0},{"id":0,"level":0},{"id":0,"level":0},{"id":0,"level":0},{"id":0,"level":0},{"id":0,"level":0},{"id":1,"level":50},{"id":0,"level":0},{"id":0,"level":0},{"id":0,"level":0},{"id":1,"level":50},{"id":0,"level":0},{"id":1,"level":50},{"id":0,"level":0},{"id":1,"level":50},{"id":0,"level":0},{"id":1,"level":50},{"id":0,"level":0},{"id":0,"level":0},{"id":0,"level":0},{"id":0,"level":0},{"id":0,"level":0},{"id":0,"level":0},{"id":0,"level":0},{"id":0,"level":0},{"id":0,"level":0},{"id":0,"level":0},{"id":0,"level":0},{"id":0,"level":0},{"id":0,"level":0},{"id":14,"level":12},{"id":0,"level":0},{"id":0,"level":0},{"id":14,"level":12},{"id":0,"level":0},{"id":14,"level":12},{"id":0,"level":0},{"id":14,"level":12},{"id":0,"level":0},{"id":0,"level":0},{"id":14,"level":12},{"id":0,"level":0},{"id":14,"level":12},{"id":14,"level":12},{"id":0,"level":0},{"id":14,"level":12},{"id":0,"level":0},{"id":14,"level":12},{"id":0,"level":0},{"id":14,"level":12},{"id":14,"level":12},{"id":0,"level":0},{"id":0,"level":0},{"id":0,"level":0},{"id":1,"level":50},{"id":0,"level":0},{"id":1,"level":50},{"id":0,"level":0},{"id":1,"level":50},{"id":0,"level":0},{"id":1,"level":50},{"id":0,"level":0},{"id":0,"level":0}],"powActive":false,"powValue":3},{"id":5,"time":15.0,"enemyInfos":[{"id":0,"level":0},{"id":0,"level":0},{"id":0,"level":0},{"id":0,"level":0},{"id":0,"level":0},{"id":0,"level":0},{"id":0,"level":0},{"id":0,"level":0},{"id":0,"level":0},{"id":0,"level":0},{"id":0,"level":0},{"id":0,"level":0},{"id":0,"level":0},{"id":0,"level":0},{"id":0,"level":0},{"id":0,"level":0},{"id":0,"level":0},{"id":0,"level":0},{"id":0,"level":0},{"id":0,"level":0},{"id":0,"level":0},{"id":0,"level":0},{"id":0,"level":0},{"id":0,"level":0},{"id":0,"level":0},{"id":0,"level":0},{"id":0,"level":0},{"id":0,"level":0},{"id":0,"level":0},{"id":0,"level":0},{"id":0,"level":0},{"id":0,"level":0},{"id":0,"level":0},{"id":0,"level":0},{"id":0,"level":0},{"id":0,"level":0},{"id":0,"level":0},{"id":0,"level":0},{"id":0,"level":0},{"id":0,"level":0},{"id":0,"level":0},{"id":0,"level":0},{"id":0,"level":0},{"id":0,"level":0},{"id":0,"level":0},{"id":0,"level":0},{"id":0,"level":0},{"id":0,"level":0},{"id":0,"level":0},{"id":0,"level":0},{"id":0,"level":0},{"id":0,"level":0},{"id":0,"level":0},{"id":0,"level":0},{"id":0,"level":0},{"id":0,"level":0},{"id":0,"level":0},{"id":0,"level":0},{"id":15,"level":7},{"id":0,"level":0},{"id":0,"level":0},{"id":0,"level":0},{"id":15,"level":7},{"id":0,"level":0},{"id":0,"level":0},{"id":0,"level":0},{"id":0,"level":0},{"id":0,"level":0},{"id":14,"level":12},{"id":0,"level":0},{"id":15,"level":7},{"id":0,"level":0},{"id":15,"level":7},{"id":0,"level":0},{"id":14,"level":12},{"id":0,"level":0},{"id":0,"level":0},{"id":0,"level":0},{"id":0,"level":0},{"id":0,"level":0},{"id":14,"level":12},{"id":0,"level":0},{"id":0,"level":0},{"id":0,"level":0},{"id":14,"level":12},{"id":0,"level":0},{"id":0,"level":0},{"id":0,"level":0},{"id":1,"level":50},{"id":0,"level":0},{"id":0,"level":0},{"id":0,"level":0},{"id":14,"level":12},{"id":14,"level":12},{"id":14,"level":12},{"id":0,"level":0},{"id":0,"level":0},{"id":0,"level":0},{"id":1,"level":50},{"id":0,"level":0},{"id":1,"level":50},{"id":0,"level":0},{"id":1,"level":50},{"id":0,"level":0},{"id":0,"level":0},{"id":0,"level":0},{"id":1,"level":50},{"id":0,"level":0},{"id":1,"level":50},{"id":0,"level":0},{"id":0,"level":0},{"id":0,"level":0},{"id":1,"level":50},{"id":0,"level":0},{"id":0,"level":0},{"id":14,"level":12},{"id":0,"level":0},{"id":0,"level":0},{"id":1,"level":50},{"id":0,"level":0},{"id":0,"level":0},{"id":0,"level":0},{"id":14,"level":12},{"id":0,"level":0},{"id":1,"level":50},{"id":0,"level":0},{"id":0,"level":0},{"id":0,"level":0},{"id":1,"level":50},{"id":0,"level":0},{"id":14,"level":12},{"id":0,"level":0},{"id":14,"level":12},{"id":0,"level":0},{"id":14,"level":12},{"id":0,"level":0},{"id":1,"level":50},{"id":0,"level":0},{"id":1,"level":50},{"id":0,"level":0},{"id":14,"level":12},{"id":0,"level":0},{"id":14,"level":12}],"powActive":false,"powValue":3},{"id":6,"time":15.0,"enemyInfos":[{"id":0,"level":0},{"id":0,"level":0},{"id":0,"level":0},{"id":0,"level":0},{"id":0,"level":0},{"id":1,"level":50},{"id":0,"level":0},{"id":0,"level":0},{"id":0,"level":0},{"id":0,"level":0},{"id":0,"level":0},{"id":0,"level":0},{"id":0,"level":0},{"id":0,"level":0},{"id":0,"level":0},{"id":14,"level":12},{"id":1,"level":50},{"id":14,"level":12},{"id":0,"level":0},{"id":0,"level":0},{"id":0,"level":0},{"id":0,"level":0},{"id":0,"level":0},{"id":1,"level":50},{"id":0,"level":0},{"id":0,"level":0},{"id":0,"level":0},{"id":14,"level":12},{"id":0,"level":0},{"id":0,"level":0},{"id":0,"level":0},{"id":0,"level":0},{"id":0,"level":0},{"id":14,"level":12},{"id":1,"level":50},{"id":14,"level":12},{"id":0,"level":0},{"id":0,"level":0},{"id":0,"level":0},{"id":0,"level":0},{"id":0,"level":0},{"id":0,"level":0},{"id":0,"level":0},{"id":0,"level":0},{"id":0,"level":0},{"id":14,"level":12},{"id":0,"level":0},{"id":0,"level":0},{"id":0,"level":0},{"id":0,"level":0},{"id":0,"level":0},{"id":0,"level":0},{"id":0,"level":0},{"id":1,"level":50},{"id":0,"level":0},{"id":0,"level":0},{"id":0,"level":0},{"id":0,"level":0},{"id":0,"level":0},{"id":0,"level":0},{"id":0,"level":0},{"id":0,"level":0},{"id":0,"level":0},{"id":14,"level":12},{"id":1,"level":50},{"id":14,"level":12},{"id":0,"level":0},{"id":0,"level":0},{"id":0,"level":0},{"id":0,"level":0},{"id":0,"level":0},{"id":1,"level":50},{"id":0,"level":0},{"id":0,"level":0},{"id":0,"level":0},{"id":14,"level":12},{"id":0,"level":0},{"id":0,"level":0},{"id":0,"level":0},{"id":0,"level":0},{"id":0,"level":0},{"id":14,"level":12},{"id":1,"level":50},{"id":14,"level":12},{"id":0,"level":0},{"id":0,"level":0},{"id":0,"level":0},{"id":0,"level":0},{"id":0,"level":0},{"id":0,"level":0},{"id":1,"level":50},{"id":0,"level":0},{"id":0,"level":0},{"id":14,"level":12},{"id":0,"level":0},{"id":0,"level":0},{"id":0,"level":0},{"id":0,"level":0},{"id":0,"level":0},{"id":0,"level":0},{"id":14,"level":12},{"id":1,"level":50},{"id":14,"level":12},{"id":0,"level":0},{"id":0,"level":0},{"id":0,"level":0},{"id":0,"level":0},{"id":0,"level":0},{"id":0,"level":0},{"id":0,"level":0},{"id":0,"level":0},{"id":0,"level":0},{"id":14,"level":12},{"id":0,"level":0},{"id":0,"level":0},{"id":0,"level":0},{"id":0,"level":0},{"id":0,"level":0},{"id":1,"level":50},{"id":0,"level":0},{"id":0,"level":0},{"id":0,"level":0},{"id":0,"level":0},{"id":0,"level":0},{"id":0,"level":0},{"id":0,"level":0},{"id":0,"level":0},{"id":0,"level":0},{"id":14,"level":12},{"id":1,"level":50},{"id":14,"level":12},{"id":0,"level":0},{"id":0,"level":0},{"id":0,"level":0},{"id":0,"level":0},{"id":0,"level":0},{"id":0,"level":0},{"id":0,"level":0},{"id":0,"level":0},{"id":0,"level":0},{"id":14,"level":12},{"id":0,"level":0},{"id":0,"level":0}],"powActive":false,"powValue":3},{"id":7,"time":15.0,"enemyInfos":[{"id":0,"level":0},{"id":0,"level":0},{"id":0,"level":0},{"id":0,"level":0},{"id":0,"level":0},{"id":0,"level":0},{"id":0,"level":0},{"id":0,"level":0},{"id":0,"level":0},{"id":0,"level":0},{"id":0,"level":0},{"id":1,"level":50},{"id":0,"level":0},{"id":0,"level":0},{"id":0,"level":0},{"id":0,"level":0},{"id":0,"level":0},{"id":0,"level":0},{"id":0,"level":0},{"id":0,"level":0},{"id":0,"level":0},{"id":1,"level":50},{"id":1,"level":50},{"id":1,"level":50},{"id":0,"level":0},{"id":0,"level":0},{"id":0,"level":0},{"id":0,"level":0},{"id":0,"level":0},{"id":0,"level":0},{"id":0,"level":0},{"id":1,"level":50},{"id":1,"level":50},{"id":0,"level":0},{"id":1,"level":50},{"id":1,"level":50},{"id":0,"level":0},{"id":0,"level":0},{"id":0,"level":0},{"id":0,"level":0},{"id":0,"level":0},{"id":1,"level":50},{"id":1,"level":50},{"id":0,"level":0},{"id":0,"level":0},{"id":0,"level":0},{"id":1,"level":50},{"id":0,"level":0},{"id":0,"level":0},{"id":0,"level":0},{"id":0,"level":0},{"id":0,"level":0},{"id":1,"level":50},{"id":0,"level":0},{"id":0,"level":0},{"id":0,"level":0},{"id":0,"level":0},{"id":0,"level":0},{"id":1,"level":50},{"id":0,"level":0},{"id":0,"level":0},{"id":0,"level":0},{"id":1,"level":50},{"id":0,"level":0},{"id":0,"level":0},{"id":0,"level":0},{"id":1,"level":50},{"id":0,"level":0},{"id":0,"level":0},{"id":0,"level":0},{"id":1,"level":50},{"id":0,"level":0},{"id":1,"level":50},{"id":0,"level":0},{"id":0,"level":0},{"id":0,"level":0},{"id":1,"level":50},{"id":1,"level":50},{"id":0,"level":0},{"id":0,"level":0},{"id":0,"level":0},{"id":0,"level":0},{"id":1,"level":50},{"id":0,"level":0},{"id":0,"level":0},{"id":0,"level":0},{"id":0,"level":0},{"id":1,"level":50},{"id":0,"level":0},{"id":1,"level":50},{"id":0,"level":0},{"id":0,"level":0},{"id":0,"level":0},{"id":0,"level":0},{"id":0,"level":0},{"id":0,"level":0},{"id":0,"level":0},{"id":1,"level":50},{"id":0,"level":0},{"id":0,"level":0},{"id":0,"level":0},{"id":1,"level":50},{"id":0,"level":0},{"id":0,"level":0},{"id":0,"level":0},{"id":0,"level":0},{"id":0,"level":0},{"id":1,"level":50},{"id":0,"level":0},{"id":0,"level":0},{"id":0,"level":0},{"id":0,"level":0},{"id":0,"level":0},{"id":1,"level":50},{"id":0,"level":0},{"id":0,"level":0},{"id":0,"level":0},{"id":1,"level":50},{"id":0,"level":0},{"id":0,"level":0},{"id":0,"level":0},{"id":0,"level":0},{"id":0,"level":0},{"id":0,"level":0},{"id":0,"level":0},{"id":1,"level":50},{"id":0,"level":0},{"id":1,"level":50},{"id":0,"level":0},{"id":0,"level":0},{"id":0,"level":0},{"id":0,"level":0},{"id":0,"level":0},{"id":0,"level":0},{"id":0,"level":0},{"id":0,"level":0},{"id":0,"level":0},{"id":1,"level":50},{"id":0,"level":0},{"id":0,"level":0},{"id":0,"level":0},{"id":0,"level":0},{"id":0,"level":0}],"powActive":false,"powValue":3},{"id":8,"time":15.0,"enemyInfos":[{"id":0,"level":0},{"id":0,"level":0},{"id":0,"level":0},{"id":0,"level":0},{"id":0,"level":0},{"id":0,"level":0},{"id":0,"level":0},{"id":0,"level":0},{"id":0,"level":0},{"id":0,"level":0},{"id":0,"level":0},{"id":0,"level":0},{"id":0,"level":0},{"id":0,"level":0},{"id":0,"level":0},{"id":0,"level":0},{"id":0,"level":0},{"id":0,"level":0},{"id":0,"level":0},{"id":0,"level":0},{"id":0,"level":0},{"id":0,"level":0},{"id":0,"level":0},{"id":15,"level":7},{"id":0,"level":0},{"id":0,"level":0},{"id":0,"level":0},{"id":0,"level":0},{"id":0,"level":0},{"id":0,"level":0},{"id":0,"level":0},{"id":15,"level":7},{"id":0,"level":0},{"id":0,"level":0},{"id":0,"level":0},{"id":0,"level":0},{"id":0,"level":0},{"id":0,"level":0},{"id":0,"level":0},{"id":0,"level":0},{"id":0,"level":0},{"id":0,"level":0},{"id":0,"level":0},{"id":0,"level":0},{"id":0,"level":0},{"id":0,"level":0},{"id":15,"level":7},{"id":0,"level":0},{"id":0,"level":0},{"id":0,"level":0},{"id":0,"level":0},{"id":0,"level":0},{"id":15,"level":7},{"id":0,"level":0},{"id":0,"level":0},{"id":0,"level":0},{"id":0,"level":0},{"id":0,"level":0},{"id":0,"level":0},{"id":0,"level":0},{"id":0,"level":0},{"id":0,"level":0},{"id":0,"level":0},{"id":0,"level":0},{"id":0,"level":0},{"id":0,"level":0},{"id":0,"level":0},{"id":14,"level":12},{"id":0,"level":0},{"id":1,"level":50},{"id":0,"level":0},{"id":14,"level":12},{"id":0,"level":0},{"id":1,"level":50},{"id":0,"level":0},{"id":14,"level":12},{"id":0,"level":0},{"id":0,"level":0},{"id":0,"level":0},{"id":0,"level":0},{"id":0,"level":0},{"id":0,"level":0},{"id":0,"level":0},{"id":0,"level":0},{"id":0,"level":0},{"id":0,"level":0},{"id":0,"level":0},{"id":0,"level":0},{"id":0,"level":0},{"id":1,"level":50},{"id":0,"level":0},{"id":14,"level":12},{"id":0,"level":0},{"id":1,"level":50},{"id":0,"level":0},{"id":14,"level":12},{"id":0,"level":0},{"id":1,"level":50},{"id":0,"level":0},{"id":0,"level":0},{"id":0,"level":0},{"id":0,"level":0},{"id":0,"level":0},{"id":0,"level":0},{"id":0,"level":0},{"id":0,"level":0},{"id":0,"level":0},{"id":0,"level":0},{"id":0,"level":0},{"id":0,"level":0},{"id":0,"level":0},{"id":14,"level":12},{"id":0,"level":0},{"id":1,"level":50},{"id":0,"level":0},{"id":14,"level":12},{"id":0,"level":0},{"id":1,"level":50},{"id":0,"level":0},{"id":14,"level":12},{"id":0,"level":0},{"id":0,"level":0},{"id":0,"level":0},{"id":0,"level":0},{"id":0,"level":0},{"id":0,"level":0},{"id":0,"level":0},{"id":0,"level":0},{"id":0,"level":0},{"id":0,"level":0},{"id":0,"level":0},{"id":0,"level":0},{"id":0,"level":0},{"id":14,"level":12},{"id":0,"level":0},{"id":14,"level":12},{"id":0,"level":0},{"id":1,"level":50},{"id":0,"level":0},{"id":14,"level":12},{"id":0,"level":0},{"id":14,"level":12},{"id":0,"level":0}],"powActive":false,"powValue":3},{"id":9,"time":15.0,"enemyInfos":[{"id":0,"level":0},{"id":0,"level":0},{"id":0,"level":0},{"id":0,"level":0},{"id":0,"level":0},{"id":0,"level":0},{"id":0,"level":0},{"id":0,"level":0},{"id":0,"level":0},{"id":0,"level":0},{"id":0,"level":0},{"id":0,"level":0},{"id":1,"level":50},{"id":0,"level":0},{"id":0,"level":0},{"id":0,"level":0},{"id":0,"level":0},{"id":0,"level":0},{"id":0,"level":0},{"id":0,"level":0},{"id":14,"level":12},{"id":0,"level":0},{"id":0,"level":0},{"id":1,"level":50},{"id":0,"level":0},{"id":1,"level":50},{"id":0,"level":0},{"id":0,"level":0},{"id":0,"level":0},{"id":14,"level":12},{"id":0,"level":0},{"id":14,"level":12},{"id":0,"level":0},{"id":0,"level":0},{"id":1,"level":50},{"id":0,"level":0},{"id":1,"level":50},{"id":0,"level":0},{"id":15,"level":7},{"id":0,"level":0},{"id":14,"level":12},{"id":0,"level":0},{"id":14,"level":12},{"id":0,"level":0},{"id":0,"level":0},{"id":0,"level":0},{"id":0,"level":0},{"id":1,"level":50},{"id":0,"level":0},{"id":0,"level":0},{"id":0,"level":0},{"id":14,"level":12},{"id":0,"level":0},{"id":0,"level":0},{"id":0,"level":0},{"id":0,"level":0},{"id":0,"level":0},{"id":0,"level":0},{"id":0,"level":0},{"id":0,"level":0},{"id":0,"level":0},{"id":0,"level":0},{"id":0,"level":0},{"id":0,"level":0},{"id":0,"level":0},{"id":0,"level":0},{"id":0,"level":0},{"id":0,"level":0},{"id":0,"level":0},{"id":15,"level":7},{"id":0,"level":0},{"id":0,"level":0},{"id":0,"level":0},{"id":15,"level":7},{"id":0,"level":0},{"id":0,"level":0},{"id":0,"level":0},{"id":0,"level":0},{"id":0,"level":0},{"id":0,"level":0},{"id":0,"level":0},{"id":15,"level":7},{"id":0,"level":0},{"id":15,"level":7},{"id":0,"level":0},{"id":0,"level":0},{"id":0,"level":0},{"id":0,"level":0},{"id":14,"level":12},{"id":0,"level":0},{"id":14,"level":12},{"id":0,"level":0},{"id":0,"level":0},{"id":15,"level":7},{"id":0,"level":0},{"id":0,"level":0},{"id":0,"level":0},{"id":0,"level":0},{"id":0,"level":0},{"id":14,"level":12},{"id":0,"level":0},{"id":14,"level":12},{"id":0,"level":0},{"id":0,"level":0},{"id":0,"level":0},{"id":0,"level":0},{"id":0,"level":0},{"id":0,"level":0},{"id":0,"level":0},{"id":0,"level":0},{"id":14,"level":12},{"id":0,"level":0},{"id":14,"level":12},{"id":0,"level":0},{"id":0,"level":0},{"id":0,"level":0},{"id":0,"level":0},{"id":0,"level":0},{"id":1,"level":50},{"id":0,"level":0},{"id":1,"level":50},{"id":0,"level":0},{"id":0,"level":0},{"id":0,"level":0},{"id":0,"level":0},{"id":0,"level":0},{"id":0,"level":0},{"id":0,"level":0},{"id":0,"level":0},{"id":1,"level":50},{"id":0,"level":0},{"id":1,"level":50},{"id":0,"level":0},{"id":0,"level":0},{"id":0,"level":0},{"id":0,"level":0},{"id":0,"level":0},{"id":15,"level":7},{"id":0,"level":0},{"id":0,"level":0},{"id":1,"level":50},{"id":0,"level":0},{"id":1,"level":50}],"powActive":false,"powValue":3},{"id":10,"time":15.0,"enemyInfos":[{"id":0,"level":0},{"id":0,"level":0},{"id":0,"level":0},{"id":0,"level":0},{"id":0,"level":0},{"id":0,"level":0},{"id":0,"level":0},{"id":0,"level":0},{"id":0,"level":0},{"id":0,"level":0},{"id":0,"level":0},{"id":0,"level":0},{"id":0,"level":0},{"id":0,"level":0},{"id":0,"level":0},{"id":0,"level":0},{"id":0,"level":0},{"id":0,"level":0},{"id":0,"level":0},{"id":0,"level":0},{"id":0,"level":0},{"id":0,"level":0},{"id":0,"level":0},{"id":0,"level":0},{"id":15,"level":7},{"id":0,"level":0},{"id":0,"level":0},{"id":0,"level":0},{"id":0,"level":0},{"id":0,"level":0},{"id":15,"level":7},{"id":0,"level":0},{"id":0,"level":0},{"id":0,"level":0},{"id":15,"level":7},{"id":0,"level":0},{"id":15,"level":7},{"id":0,"level":0},{"id":15,"level":7},{"id":0,"level":0},{"id":15,"level":7},{"id":0,"level":0},{"id":15,"level":7},{"id":0,"level":0},{"id":0,"level":0},{"id":0,"level":0},{"id":0,"level":0},{"id":0,"level":0},{"id":0,"level":0},{"id":0,"level":0},{"id":0,"level":0},{"id":0,"level":0},{"id":0,"level":0},{"id":0,"level":0},{"id":0,"level":0},{"id":0,"level":0},{"id":0,"level":0},{"id":0,"level":0},{"id":0,"level":0},{"id":0,"level":0},{"id":0,"level":0},{"id":0,"level":0},{"id":0,"level":0},{"id":0,"level":0},{"id":0,"level":0},{"id":0,"level":0},{"id":0,"level":0},{"id":0,"level":0},{"id":0,"level":0},{"id":0,"level":0},{"id":0,"level":0},{"id":0,"level":0},{"id":0,"level":0},{"id":0,"level":0},{"id":0,"level":0},{"id":0,"level":0},{"id":0,"level":0},{"id":0,"level":0},{"id":0,"level":0},{"id":0,"level":0},{"id":0,"level":0},{"id":0,"level":0},{"id":0,"level":0},{"id":0,"level":0},{"id":0,"level":0},{"id":0,"level":0},{"id":0,"level":0},{"id":0,"level":0},{"id":1,"level":50},{"id":0,"level":0},{"id":0,"level":0},{"id":0,"level":0},{"id":0,"level":0},{"id":0,"level":0},{"id":0,"level":0},{"id":0,"level":0},{"id":0,"level":0},{"id":0,"level":0},{"id":1,"level":50},{"id":0,"level":0},{"id":1,"level":50},{"id":0,"level":0},{"id":1,"level":50},{"id":0,"level":0},{"id":1,"level":50},{"id":0,"level":0},{"id":1,"level":50},{"id":0,"level":0},{"id":1,"level":50},{"id":0,"level":0},{"id":0,"level":0},{"id":0,"level":0},{"id":1,"level":50},{"id":0,"level":0},{"id":1,"level":50},{"id":0,"level":0},{"id":1,"level":50},{"id":0,"level":0},{"id":1,"level":50},{"id":0,"level":0},{"id":0,"level":0},{"id":14,"level":12},{"id":0,"level":0},{"id":0,"level":0},{"id":14,"level":12},{"id":0,"level":0},{"id":0,"level":0},{"id":0,"level":0},{"id":14,"level":12},{"id":0,"level":0},{"id":0,"level":0},{"id":14,"level":12},{"id":14,"level":12},{"id":14,"level":12},{"id":14,"level":12},{"id":14,"level":12},{"id":14,"level":12},{"id":14,"level":12},{"id":14,"level":12},{"id":14,"level":12},{"id":14,"level":12},{"id":14,"level":12},{"id":14,"level":12}],"powActive":false,"powValue":3}],"enemyInfos":[{"id":15,"level":7},{"id":14,"level":12},{"id":1,"level":50}]}