{"id":6015,"waveNumber":11,"hpx":4.5,"damx":1.0,"coinBonus":100000,"userEXPBonus":10000,"heroEXPBonus":100000,"gemBonus":5,"gearBonus":24,"coinAFK":2813,"userEXPAFK":83,"heroEXPAFK":1875,"gemAFK":3,"gearAFK":23,"rateGearAFK":30,"coinBoss":0,"userEXPBoss":0,"heroEXPBoss":0,"gemBoss":0,"gearBoss":0,"powerFragmentBoss":0,"powerCrystalBoss":1,"powerDevineBoss":0,"waveInfos":[{"id":1,"time":15.0,"enemyInfos":[{"id":0,"level":0},{"id":0,"level":0},{"id":0,"level":0},{"id":0,"level":0},{"id":0,"level":0},{"id":0,"level":0},{"id":0,"level":0},{"id":0,"level":0},{"id":0,"level":0},{"id":0,"level":0},{"id":0,"level":0},{"id":0,"level":0},{"id":0,"level":0},{"id":0,"level":0},{"id":0,"level":0},{"id":0,"level":0},{"id":0,"level":0},{"id":0,"level":0},{"id":0,"level":0},{"id":0,"level":0},{"id":0,"level":0},{"id":0,"level":0},{"id":0,"level":0},{"id":1,"level":60},{"id":0,"level":0},{"id":15,"level":8},{"id":0,"level":0},{"id":1,"level":60},{"id":0,"level":0},{"id":15,"level":8},{"id":1,"level":60},{"id":15,"level":8},{"id":0,"level":0},{"id":0,"level":0},{"id":0,"level":0},{"id":0,"level":0},{"id":0,"level":0},{"id":0,"level":0},{"id":0,"level":0},{"id":0,"level":0},{"id":0,"level":0},{"id":0,"level":0},{"id":0,"level":0},{"id":1,"level":60},{"id":15,"level":8},{"id":0,"level":0},{"id":1,"level":60},{"id":0,"level":0},{"id":0,"level":0},{"id":1,"level":60},{"id":0,"level":0},{"id":0,"level":0},{"id":1,"level":60},{"id":0,"level":0},{"id":0,"level":0},{"id":1,"level":60},{"id":0,"level":0},{"id":0,"level":0},{"id":0,"level":0},{"id":0,"level":0},{"id":0,"level":0},{"id":0,"level":0},{"id":0,"level":0},{"id":0,"level":0},{"id":0,"level":0},{"id":1,"level":60},{"id":0,"level":0},{"id":1,"level":60},{"id":0,"level":0},{"id":1,"level":60},{"id":0,"level":0},{"id":1,"level":60},{"id":0,"level":0},{"id":1,"level":60},{"id":0,"level":0},{"id":1,"level":60},{"id":0,"level":0},{"id":0,"level":0},{"id":0,"level":0},{"id":0,"level":0},{"id":0,"level":0},{"id":0,"level":0},{"id":0,"level":0},{"id":0,"level":0},{"id":0,"level":0},{"id":0,"level":0},{"id":0,"level":0},{"id":0,"level":0},{"id":0,"level":0},{"id":1,"level":60},{"id":0,"level":0},{"id":15,"level":8},{"id":0,"level":0},{"id":1,"level":60},{"id":0,"level":0},{"id":0,"level":0},{"id":15,"level":8},{"id":1,"level":60},{"id":0,"level":0},{"id":1,"level":60},{"id":0,"level":0},{"id":0,"level":0},{"id":0,"level":0},{"id":0,"level":0},{"id":0,"level":0},{"id":0,"level":0},{"id":0,"level":0},{"id":0,"level":0},{"id":0,"level":0},{"id":1,"level":60},{"id":0,"level":0},{"id":0,"level":0},{"id":0,"level":0},{"id":1,"level":60},{"id":0,"level":0},{"id":1,"level":60},{"id":0,"level":0},{"id":1,"level":60},{"id":0,"level":0},{"id":0,"level":0},{"id":0,"level":0},{"id":1,"level":60},{"id":0,"level":0},{"id":0,"level":0},{"id":0,"level":0},{"id":0,"level":0},{"id":0,"level":0},{"id":0,"level":0},{"id":0,"level":0},{"id":0,"level":0},{"id":0,"level":0},{"id":1,"level":60},{"id":0,"level":0},{"id":0,"level":0},{"id":0,"level":0},{"id":0,"level":0},{"id":0,"level":0},{"id":0,"level":0},{"id":0,"level":0},{"id":0,"level":0},{"id":0,"level":0},{"id":0,"level":0},{"id":0,"level":0}],"powActive":false,"powValue":3},{"id":2,"time":15.0,"enemyInfos":[{"id":0,"level":0},{"id":0,"level":0},{"id":0,"level":0},{"id":0,"level":0},{"id":0,"level":0},{"id":0,"level":0},{"id":0,"level":0},{"id":0,"level":0},{"id":0,"level":0},{"id":0,"level":0},{"id":0,"level":0},{"id":0,"level":0},{"id":0,"level":0},{"id":0,"level":0},{"id":0,"level":0},{"id":0,"level":0},{"id":0,"level":0},{"id":0,"level":0},{"id":0,"level":0},{"id":0,"level":0},{"id":0,"level":0},{"id":0,"level":0},{"id":0,"level":0},{"id":0,"level":0},{"id":0,"level":0},{"id":0,"level":0},{"id":0,"level":0},{"id":0,"level":0},{"id":0,"level":0},{"id":0,"level":0},{"id":0,"level":0},{"id":0,"level":0},{"id":0,"level":0},{"id":0,"level":0},{"id":15,"level":8},{"id":0,"level":0},{"id":0,"level":0},{"id":0,"level":0},{"id":0,"level":0},{"id":0,"level":0},{"id":0,"level":0},{"id":0,"level":0},{"id":15,"level":8},{"id":0,"level":0},{"id":0,"level":0},{"id":0,"level":0},{"id":0,"level":0},{"id":0,"level":0},{"id":0,"level":0},{"id":0,"level":0},{"id":0,"level":0},{"id":0,"level":0},{"id":0,"level":0},{"id":0,"level":0},{"id":0,"level":0},{"id":15,"level":8},{"id":0,"level":0},{"id":0,"level":0},{"id":0,"level":0},{"id":15,"level":8},{"id":0,"level":0},{"id":15,"level":8},{"id":0,"level":0},{"id":0,"level":0},{"id":0,"level":0},{"id":15,"level":8},{"id":0,"level":0},{"id":0,"level":0},{"id":0,"level":0},{"id":0,"level":0},{"id":0,"level":0},{"id":1,"level":60},{"id":0,"level":0},{"id":0,"level":0},{"id":0,"level":0},{"id":0,"level":0},{"id":0,"level":0},{"id":1,"level":60},{"id":0,"level":0},{"id":0,"level":0},{"id":0,"level":0},{"id":1,"level":60},{"id":15,"level":8},{"id":1,"level":60},{"id":0,"level":0},{"id":0,"level":0},{"id":0,"level":0},{"id":1,"level":60},{"id":0,"level":0},{"id":1,"level":60},{"id":0,"level":0},{"id":0,"level":0},{"id":15,"level":8},{"id":0,"level":0},{"id":15,"level":8},{"id":0,"level":0},{"id":0,"level":0},{"id":1,"level":60},{"id":0,"level":0},{"id":14,"level":12},{"id":0,"level":0},{"id":1,"level":60},{"id":0,"level":0},{"id":0,"level":0},{"id":15,"level":8},{"id":0,"level":0},{"id":0,"level":0},{"id":1,"level":60},{"id":0,"level":0},{"id":14,"level":12},{"id":0,"level":0},{"id":14,"level":12},{"id":0,"level":0},{"id":1,"level":60},{"id":0,"level":0},{"id":0,"level":0},{"id":0,"level":0},{"id":1,"level":60},{"id":0,"level":0},{"id":14,"level":12},{"id":0,"level":0},{"id":0,"level":0},{"id":0,"level":0},{"id":0,"level":0},{"id":0,"level":0},{"id":1,"level":60},{"id":0,"level":0},{"id":1,"level":60},{"id":0,"level":0},{"id":0,"level":0},{"id":0,"level":0},{"id":0,"level":0},{"id":0,"level":0},{"id":0,"level":0},{"id":0,"level":0},{"id":0,"level":0},{"id":0,"level":0},{"id":1,"level":60},{"id":0,"level":0},{"id":0,"level":0},{"id":0,"level":0},{"id":0,"level":0},{"id":0,"level":0}],"powActive":false,"powValue":3},{"id":3,"time":15.0,"enemyInfos":[{"id":0,"level":0},{"id":0,"level":0},{"id":0,"level":0},{"id":0,"level":0},{"id":0,"level":0},{"id":0,"level":0},{"id":0,"level":0},{"id":0,"level":0},{"id":0,"level":0},{"id":0,"level":0},{"id":0,"level":0},{"id":0,"level":0},{"id":0,"level":0},{"id":0,"level":0},{"id":0,"level":0},{"id":0,"level":0},{"id":0,"level":0},{"id":0,"level":0},{"id":0,"level":0},{"id":0,"level":0},{"id":0,"level":0},{"id":0,"level":0},{"id":0,"level":0},{"id":1,"level":60},{"id":0,"level":0},{"id":1,"level":60},{"id":0,"level":0},{"id":1,"level":60},{"id":0,"level":0},{"id":1,"level":60},{"id":0,"level":0},{"id":1,"level":60},{"id":0,"level":0},{"id":0,"level":0},{"id":0,"level":0},{"id":0,"level":0},{"id":0,"level":0},{"id":0,"level":0},{"id":0,"level":0},{"id":0,"level":0},{"id":0,"level":0},{"id":0,"level":0},{"id":0,"level":0},{"id":0,"level":0},{"id":0,"level":0},{"id":1,"level":60},{"id":0,"level":0},{"id":1,"level":60},{"id":0,"level":0},{"id":1,"level":60},{"id":0,"level":0},{"id":1,"level":60},{"id":0,"level":0},{"id":1,"level":60},{"id":0,"level":0},{"id":0,"level":0},{"id":0,"level":0},{"id":15,"level":8},{"id":0,"level":0},{"id":15,"level":8},{"id":0,"level":0},{"id":15,"level":8},{"id":0,"level":0},{"id":15,"level":8},{"id":0,"level":0},{"id":0,"level":0},{"id":0,"level":0},{"id":0,"level":0},{"id":0,"level":0},{"id":0,"level":0},{"id":0,"level":0},{"id":0,"level":0},{"id":0,"level":0},{"id":0,"level":0},{"id":0,"level":0},{"id":0,"level":0},{"id":0,"level":0},{"id":0,"level":0},{"id":0,"level":0},{"id":14,"level":12},{"id":0,"level":0},{"id":0,"level":0},{"id":0,"level":0},{"id":0,"level":0},{"id":0,"level":0},{"id":14,"level":12},{"id":0,"level":0},{"id":0,"level":0},{"id":0,"level":0},{"id":14,"level":12},{"id":0,"level":0},{"id":14,"level":12},{"id":0,"level":0},{"id":0,"level":0},{"id":0,"level":0},{"id":14,"level":12},{"id":0,"level":0},{"id":14,"level":12},{"id":0,"level":0},{"id":0,"level":0},{"id":0,"level":0},{"id":0,"level":0},{"id":0,"level":0},{"id":0,"level":0},{"id":0,"level":0},{"id":0,"level":0},{"id":0,"level":0},{"id":0,"level":0},{"id":0,"level":0},{"id":0,"level":0},{"id":0,"level":0},{"id":0,"level":0},{"id":1,"level":60},{"id":0,"level":0},{"id":0,"level":0},{"id":0,"level":0},{"id":0,"level":0},{"id":0,"level":0},{"id":1,"level":60},{"id":0,"level":0},{"id":0,"level":0},{"id":0,"level":0},{"id":0,"level":0},{"id":1,"level":60},{"id":0,"level":0},{"id":15,"level":8},{"id":0,"level":0},{"id":15,"level":8},{"id":0,"level":0},{"id":1,"level":60},{"id":0,"level":0},{"id":0,"level":0},{"id":0,"level":0},{"id":0,"level":0},{"id":1,"level":60},{"id":0,"level":0},{"id":0,"level":0},{"id":0,"level":0},{"id":0,"level":0},{"id":0,"level":0},{"id":1,"level":60},{"id":0,"level":0},{"id":0,"level":0}],"powActive":false,"powValue":3},{"id":4,"time":15.0,"enemyInfos":[{"id":0,"level":0},{"id":0,"level":0},{"id":0,"level":0},{"id":0,"level":0},{"id":0,"level":0},{"id":0,"level":0},{"id":0,"level":0},{"id":0,"level":0},{"id":0,"level":0},{"id":0,"level":0},{"id":0,"level":0},{"id":0,"level":0},{"id":0,"level":0},{"id":0,"level":0},{"id":0,"level":0},{"id":0,"level":0},{"id":0,"level":0},{"id":0,"level":0},{"id":0,"level":0},{"id":0,"level":0},{"id":0,"level":0},{"id":0,"level":0},{"id":0,"level":0},{"id":0,"level":0},{"id":0,"level":0},{"id":0,"level":0},{"id":0,"level":0},{"id":0,"level":0},{"id":0,"level":0},{"id":0,"level":0},{"id":0,"level":0},{"id":0,"level":0},{"id":0,"level":0},{"id":0,"level":0},{"id":0,"level":0},{"id":15,"level":8},{"id":0,"level":0},{"id":1,"level":60},{"id":0,"level":0},{"id":1,"level":60},{"id":0,"level":0},{"id":15,"level":8},{"id":0,"level":0},{"id":0,"level":0},{"id":0,"level":0},{"id":1,"level":60},{"id":0,"level":0},{"id":1,"level":60},{"id":0,"level":0},{"id":1,"level":60},{"id":0,"level":0},{"id":1,"level":60},{"id":0,"level":0},{"id":1,"level":60},{"id":0,"level":0},{"id":0,"level":0},{"id":0,"level":0},{"id":15,"level":8},{"id":0,"level":0},{"id":15,"level":8},{"id":0,"level":0},{"id":15,"level":8},{"id":0,"level":0},{"id":15,"level":8},{"id":0,"level":0},{"id":0,"level":0},{"id":0,"level":0},{"id":0,"level":0},{"id":0,"level":0},{"id":0,"level":0},{"id":0,"level":0},{"id":0,"level":0},{"id":0,"level":0},{"id":0,"level":0},{"id":0,"level":0},{"id":0,"level":0},{"id":0,"level":0},{"id":0,"level":0},{"id":0,"level":0},{"id":0,"level":0},{"id":0,"level":0},{"id":0,"level":0},{"id":0,"level":0},{"id":0,"level":0},{"id":0,"level":0},{"id":0,"level":0},{"id":0,"level":0},{"id":0,"level":0},{"id":0,"level":0},{"id":0,"level":0},{"id":1,"level":60},{"id":0,"level":0},{"id":0,"level":0},{"id":1,"level":60},{"id":0,"level":0},{"id":0,"level":0},{"id":1,"level":60},{"id":0,"level":0},{"id":0,"level":0},{"id":1,"level":60},{"id":0,"level":0},{"id":0,"level":0},{"id":0,"level":0},{"id":0,"level":0},{"id":0,"level":0},{"id":0,"level":0},{"id":0,"level":0},{"id":0,"level":0},{"id":0,"level":0},{"id":1,"level":60},{"id":14,"level":12},{"id":0,"level":0},{"id":1,"level":60},{"id":0,"level":0},{"id":1,"level":60},{"id":0,"level":0},{"id":1,"level":60},{"id":0,"level":0},{"id":1,"level":60},{"id":0,"level":0},{"id":14,"level":12},{"id":0,"level":0},{"id":0,"level":0},{"id":14,"level":12},{"id":0,"level":0},{"id":0,"level":0},{"id":14,"level":12},{"id":0,"level":0},{"id":0,"level":0},{"id":14,"level":12},{"id":0,"level":0},{"id":0,"level":0},{"id":0,"level":0},{"id":0,"level":0},{"id":0,"level":0},{"id":0,"level":0},{"id":14,"level":12},{"id":0,"level":0},{"id":14,"level":12},{"id":0,"level":0},{"id":0,"level":0},{"id":0,"level":0},{"id":0,"level":0}],"powActive":false,"powValue":3},{"id":5,"time":15.0,"enemyInfos":[{"id":0,"level":0},{"id":0,"level":0},{"id":0,"level":0},{"id":0,"level":0},{"id":0,"level":0},{"id":0,"level":0},{"id":0,"level":0},{"id":0,"level":0},{"id":0,"level":0},{"id":0,"level":0},{"id":0,"level":0},{"id":0,"level":0},{"id":0,"level":0},{"id":0,"level":0},{"id":0,"level":0},{"id":0,"level":0},{"id":0,"level":0},{"id":0,"level":0},{"id":0,"level":0},{"id":0,"level":0},{"id":0,"level":0},{"id":0,"level":0},{"id":15,"level":8},{"id":14,"level":12},{"id":0,"level":0},{"id":0,"level":0},{"id":0,"level":0},{"id":0,"level":0},{"id":0,"level":0},{"id":0,"level":0},{"id":0,"level":0},{"id":14,"level":12},{"id":15,"level":8},{"id":0,"level":0},{"id":0,"level":0},{"id":14,"level":12},{"id":0,"level":0},{"id":0,"level":0},{"id":0,"level":0},{"id":0,"level":0},{"id":0,"level":0},{"id":14,"level":12},{"id":0,"level":0},{"id":0,"level":0},{"id":15,"level":8},{"id":0,"level":0},{"id":0,"level":0},{"id":1,"level":60},{"id":0,"level":0},{"id":0,"level":0},{"id":0,"level":0},{"id":1,"level":60},{"id":0,"level":0},{"id":0,"level":0},{"id":15,"level":8},{"id":0,"level":0},{"id":0,"level":0},{"id":14,"level":12},{"id":0,"level":0},{"id":1,"level":60},{"id":0,"level":0},{"id":1,"level":60},{"id":0,"level":0},{"id":14,"level":12},{"id":0,"level":0},{"id":0,"level":0},{"id":0,"level":0},{"id":0,"level":0},{"id":0,"level":0},{"id":0,"level":0},{"id":0,"level":0},{"id":0,"level":0},{"id":0,"level":0},{"id":0,"level":0},{"id":0,"level":0},{"id":0,"level":0},{"id":0,"level":0},{"id":0,"level":0},{"id":0,"level":0},{"id":0,"level":0},{"id":0,"level":0},{"id":1,"level":60},{"id":0,"level":0},{"id":1,"level":60},{"id":0,"level":0},{"id":0,"level":0},{"id":0,"level":0},{"id":0,"level":0},{"id":0,"level":0},{"id":0,"level":0},{"id":0,"level":0},{"id":0,"level":0},{"id":0,"level":0},{"id":0,"level":0},{"id":0,"level":0},{"id":0,"level":0},{"id":0,"level":0},{"id":0,"level":0},{"id":0,"level":0},{"id":1,"level":60},{"id":0,"level":0},{"id":0,"level":0},{"id":0,"level":0},{"id":14,"level":12},{"id":0,"level":0},{"id":14,"level":12},{"id":0,"level":0},{"id":0,"level":0},{"id":0,"level":0},{"id":1,"level":60},{"id":0,"level":0},{"id":1,"level":60},{"id":0,"level":0},{"id":0,"level":0},{"id":0,"level":0},{"id":0,"level":0},{"id":0,"level":0},{"id":0,"level":0},{"id":0,"level":0},{"id":1,"level":60},{"id":0,"level":0},{"id":1,"level":60},{"id":0,"level":0},{"id":1,"level":60},{"id":0,"level":0},{"id":14,"level":12},{"id":0,"level":0},{"id":14,"level":12},{"id":0,"level":0},{"id":1,"level":60},{"id":0,"level":0},{"id":1,"level":60},{"id":0,"level":0},{"id":0,"level":0},{"id":0,"level":0},{"id":1,"level":60},{"id":0,"level":0},{"id":0,"level":0},{"id":0,"level":0},{"id":1,"level":60},{"id":0,"level":0},{"id":0,"level":0},{"id":0,"level":0}],"powActive":false,"powValue":3},{"id":6,"time":10.0,"enemyInfos":[{"id":0,"level":0},{"id":0,"level":0},{"id":0,"level":0},{"id":0,"level":0},{"id":0,"level":0},{"id":0,"level":0},{"id":0,"level":0},{"id":0,"level":0},{"id":0,"level":0},{"id":0,"level":0},{"id":0,"level":0},{"id":0,"level":0},{"id":0,"level":0},{"id":0,"level":0},{"id":0,"level":0},{"id":0,"level":0},{"id":0,"level":0},{"id":0,"level":0},{"id":0,"level":0},{"id":0,"level":0},{"id":0,"level":0},{"id":0,"level":0},{"id":0,"level":0},{"id":0,"level":0},{"id":0,"level":0},{"id":0,"level":0},{"id":0,"level":0},{"id":0,"level":0},{"id":0,"level":0},{"id":0,"level":0},{"id":0,"level":0},{"id":0,"level":0},{"id":0,"level":0},{"id":0,"level":0},{"id":0,"level":0},{"id":0,"level":0},{"id":0,"level":0},{"id":0,"level":0},{"id":0,"level":0},{"id":0,"level":0},{"id":0,"level":0},{"id":0,"level":0},{"id":0,"level":0},{"id":0,"level":0},{"id":0,"level":0},{"id":0,"level":0},{"id":0,"level":0},{"id":0,"level":0},{"id":0,"level":0},{"id":0,"level":0},{"id":0,"level":0},{"id":0,"level":0},{"id":0,"level":0},{"id":0,"level":0},{"id":0,"level":0},{"id":0,"level":0},{"id":15,"level":8},{"id":0,"level":0},{"id":0,"level":0},{"id":0,"level":0},{"id":0,"level":0},{"id":0,"level":0},{"id":0,"level":0},{"id":0,"level":0},{"id":15,"level":8},{"id":0,"level":0},{"id":0,"level":0},{"id":0,"level":0},{"id":0,"level":0},{"id":0,"level":0},{"id":0,"level":0},{"id":19,"level":5},{"id":0,"level":0},{"id":0,"level":0},{"id":0,"level":0},{"id":0,"level":0},{"id":0,"level":0},{"id":0,"level":0},{"id":0,"level":0},{"id":0,"level":0},{"id":1,"level":60},{"id":0,"level":0},{"id":0,"level":0},{"id":0,"level":0},{"id":1,"level":60},{"id":0,"level":0},{"id":0,"level":0},{"id":0,"level":0},{"id":0,"level":0},{"id":0,"level":0},{"id":0,"level":0},{"id":1,"level":60},{"id":0,"level":0},{"id":0,"level":0},{"id":0,"level":0},{"id":1,"level":60},{"id":0,"level":0},{"id":0,"level":0},{"id":0,"level":0},{"id":0,"level":0},{"id":0,"level":0},{"id":0,"level":0},{"id":0,"level":0},{"id":0,"level":0},{"id":0,"level":0},{"id":0,"level":0},{"id":0,"level":0},{"id":0,"level":0},{"id":0,"level":0},{"id":0,"level":0},{"id":14,"level":12},{"id":0,"level":0},{"id":0,"level":0},{"id":0,"level":0},{"id":0,"level":0},{"id":1,"level":60},{"id":0,"level":0},{"id":0,"level":0},{"id":0,"level":0},{"id":0,"level":0},{"id":14,"level":12},{"id":0,"level":0},{"id":14,"level":12},{"id":1,"level":60},{"id":0,"level":0},{"id":1,"level":60},{"id":0,"level":0},{"id":1,"level":60},{"id":0,"level":0},{"id":1,"level":60},{"id":14,"level":12},{"id":0,"level":0},{"id":0,"level":0},{"id":0,"level":0},{"id":14,"level":12},{"id":0,"level":0},{"id":0,"level":0},{"id":0,"level":0},{"id":0,"level":0},{"id":0,"level":0},{"id":14,"level":12},{"id":0,"level":0},{"id":0,"level":0}],"powActive":false,"powValue":3},{"id":7,"time":15.0,"enemyInfos":[{"id":0,"level":0},{"id":0,"level":0},{"id":0,"level":0},{"id":0,"level":0},{"id":0,"level":0},{"id":0,"level":0},{"id":0,"level":0},{"id":0,"level":0},{"id":0,"level":0},{"id":0,"level":0},{"id":0,"level":0},{"id":0,"level":0},{"id":0,"level":0},{"id":0,"level":0},{"id":0,"level":0},{"id":0,"level":0},{"id":0,"level":0},{"id":0,"level":0},{"id":0,"level":0},{"id":0,"level":0},{"id":0,"level":0},{"id":0,"level":0},{"id":0,"level":0},{"id":0,"level":0},{"id":0,"level":0},{"id":0,"level":0},{"id":0,"level":0},{"id":0,"level":0},{"id":0,"level":0},{"id":0,"level":0},{"id":0,"level":0},{"id":0,"level":0},{"id":0,"level":0},{"id":0,"level":0},{"id":0,"level":0},{"id":0,"level":0},{"id":0,"level":0},{"id":0,"level":0},{"id":0,"level":0},{"id":0,"level":0},{"id":0,"level":0},{"id":0,"level":0},{"id":0,"level":0},{"id":0,"level":0},{"id":0,"level":0},{"id":0,"level":0},{"id":0,"level":0},{"id":0,"level":0},{"id":0,"level":0},{"id":0,"level":0},{"id":0,"level":0},{"id":0,"level":0},{"id":0,"level":0},{"id":0,"level":0},{"id":0,"level":0},{"id":0,"level":0},{"id":0,"level":0},{"id":0,"level":0},{"id":0,"level":0},{"id":0,"level":0},{"id":0,"level":0},{"id":0,"level":0},{"id":0,"level":0},{"id":0,"level":0},{"id":0,"level":0},{"id":0,"level":0},{"id":0,"level":0},{"id":0,"level":0},{"id":0,"level":0},{"id":0,"level":0},{"id":0,"level":0},{"id":15,"level":8},{"id":0,"level":0},{"id":0,"level":0},{"id":0,"level":0},{"id":0,"level":0},{"id":0,"level":0},{"id":0,"level":0},{"id":0,"level":0},{"id":0,"level":0},{"id":15,"level":8},{"id":0,"level":0},{"id":0,"level":0},{"id":0,"level":0},{"id":15,"level":8},{"id":0,"level":0},{"id":0,"level":0},{"id":0,"level":0},{"id":0,"level":0},{"id":15,"level":8},{"id":0,"level":0},{"id":0,"level":0},{"id":0,"level":0},{"id":0,"level":0},{"id":0,"level":0},{"id":0,"level":0},{"id":0,"level":0},{"id":15,"level":8},{"id":0,"level":0},{"id":0,"level":0},{"id":0,"level":0},{"id":0,"level":0},{"id":1,"level":60},{"id":14,"level":12},{"id":14,"level":12},{"id":14,"level":12},{"id":1,"level":60},{"id":0,"level":0},{"id":0,"level":0},{"id":0,"level":0},{"id":0,"level":0},{"id":1,"level":60},{"id":1,"level":60},{"id":0,"level":0},{"id":0,"level":0},{"id":14,"level":12},{"id":0,"level":0},{"id":0,"level":0},{"id":1,"level":60},{"id":1,"level":60},{"id":0,"level":0},{"id":0,"level":0},{"id":1,"level":60},{"id":0,"level":0},{"id":14,"level":12},{"id":0,"level":0},{"id":0,"level":0},{"id":0,"level":0},{"id":14,"level":12},{"id":0,"level":0},{"id":1,"level":60},{"id":0,"level":0},{"id":1,"level":60},{"id":0,"level":0},{"id":0,"level":0},{"id":0,"level":0},{"id":14,"level":12},{"id":14,"level":12},{"id":14,"level":12},{"id":0,"level":0},{"id":0,"level":0},{"id":0,"level":0},{"id":1,"level":60}],"powActive":false,"powValue":3},{"id":8,"time":15.0,"enemyInfos":[{"id":0,"level":0},{"id":0,"level":0},{"id":0,"level":0},{"id":0,"level":0},{"id":0,"level":0},{"id":0,"level":0},{"id":0,"level":0},{"id":0,"level":0},{"id":0,"level":0},{"id":0,"level":0},{"id":0,"level":0},{"id":14,"level":12},{"id":0,"level":0},{"id":0,"level":0},{"id":0,"level":0},{"id":0,"level":0},{"id":0,"level":0},{"id":0,"level":0},{"id":0,"level":0},{"id":0,"level":0},{"id":0,"level":0},{"id":1,"level":60},{"id":0,"level":0},{"id":14,"level":12},{"id":0,"level":0},{"id":0,"level":0},{"id":0,"level":0},{"id":0,"level":0},{"id":0,"level":0},{"id":0,"level":0},{"id":0,"level":0},{"id":1,"level":60},{"id":0,"level":0},{"id":0,"level":0},{"id":0,"level":0},{"id":14,"level":12},{"id":0,"level":0},{"id":0,"level":0},{"id":0,"level":0},{"id":0,"level":0},{"id":0,"level":0},{"id":1,"level":60},{"id":0,"level":0},{"id":0,"level":0},{"id":0,"level":0},{"id":0,"level":0},{"id":0,"level":0},{"id":14,"level":12},{"id":0,"level":0},{"id":0,"level":0},{"id":0,"level":0},{"id":1,"level":60},{"id":0,"level":0},{"id":0,"level":0},{"id":0,"level":0},{"id":0,"level":0},{"id":0,"level":0},{"id":0,"level":0},{"id":0,"level":0},{"id":14,"level":12},{"id":0,"level":0},{"id":1,"level":60},{"id":0,"level":0},{"id":0,"level":0},{"id":0,"level":0},{"id":0,"level":0},{"id":0,"level":0},{"id":0,"level":0},{"id":0,"level":0},{"id":0,"level":0},{"id":0,"level":0},{"id":0,"level":0},{"id":0,"level":0},{"id":0,"level":0},{"id":0,"level":0},{"id":0,"level":0},{"id":0,"level":0},{"id":14,"level":12},{"id":14,"level":12},{"id":14,"level":12},{"id":14,"level":12},{"id":14,"level":12},{"id":0,"level":0},{"id":1,"level":60},{"id":1,"level":60},{"id":1,"level":60},{"id":1,"level":60},{"id":1,"level":60},{"id":0,"level":0},{"id":0,"level":0},{"id":0,"level":0},{"id":0,"level":0},{"id":0,"level":0},{"id":0,"level":0},{"id":0,"level":0},{"id":0,"level":0},{"id":0,"level":0},{"id":0,"level":0},{"id":0,"level":0},{"id":0,"level":0},{"id":0,"level":0},{"id":0,"level":0},{"id":0,"level":0},{"id":14,"level":12},{"id":0,"level":0},{"id":1,"level":60},{"id":0,"level":0},{"id":0,"level":0},{"id":0,"level":0},{"id":0,"level":0},{"id":0,"level":0},{"id":0,"level":0},{"id":14,"level":12},{"id":14,"level":12},{"id":0,"level":0},{"id":0,"level":0},{"id":0,"level":0},{"id":1,"level":60},{"id":1,"level":60},{"id":0,"level":0},{"id":0,"level":0},{"id":0,"level":0},{"id":14,"level":12},{"id":0,"level":0},{"id":0,"level":0},{"id":0,"level":0},{"id":0,"level":0},{"id":0,"level":0},{"id":0,"level":0},{"id":0,"level":0},{"id":1,"level":60},{"id":0,"level":0},{"id":14,"level":12},{"id":0,"level":0},{"id":0,"level":0},{"id":0,"level":0},{"id":0,"level":0},{"id":0,"level":0},{"id":0,"level":0},{"id":0,"level":0},{"id":0,"level":0},{"id":0,"level":0},{"id":1,"level":60}],"powActive":false,"powValue":3},{"id":9,"time":15.0,"enemyInfos":[{"id":0,"level":0},{"id":0,"level":0},{"id":0,"level":0},{"id":0,"level":0},{"id":0,"level":0},{"id":0,"level":0},{"id":0,"level":0},{"id":0,"level":0},{"id":0,"level":0},{"id":0,"level":0},{"id":0,"level":0},{"id":0,"level":0},{"id":0,"level":0},{"id":0,"level":0},{"id":0,"level":0},{"id":0,"level":0},{"id":0,"level":0},{"id":0,"level":0},{"id":0,"level":0},{"id":0,"level":0},{"id":0,"level":0},{"id":0,"level":0},{"id":0,"level":0},{"id":0,"level":0},{"id":0,"level":0},{"id":0,"level":0},{"id":0,"level":0},{"id":0,"level":0},{"id":0,"level":0},{"id":0,"level":0},{"id":0,"level":0},{"id":0,"level":0},{"id":0,"level":0},{"id":0,"level":0},{"id":0,"level":0},{"id":0,"level":0},{"id":0,"level":0},{"id":0,"level":0},{"id":0,"level":0},{"id":0,"level":0},{"id":0,"level":0},{"id":0,"level":0},{"id":0,"level":0},{"id":0,"level":0},{"id":0,"level":0},{"id":0,"level":0},{"id":0,"level":0},{"id":0,"level":0},{"id":0,"level":0},{"id":0,"level":0},{"id":0,"level":0},{"id":0,"level":0},{"id":0,"level":0},{"id":0,"level":0},{"id":0,"level":0},{"id":14,"level":12},{"id":0,"level":0},{"id":1,"level":60},{"id":0,"level":0},{"id":15,"level":8},{"id":0,"level":0},{"id":15,"level":8},{"id":0,"level":0},{"id":1,"level":60},{"id":0,"level":0},{"id":14,"level":12},{"id":0,"level":0},{"id":0,"level":0},{"id":1,"level":60},{"id":0,"level":0},{"id":15,"level":8},{"id":0,"level":0},{"id":15,"level":8},{"id":0,"level":0},{"id":1,"level":60},{"id":0,"level":0},{"id":0,"level":0},{"id":14,"level":12},{"id":0,"level":0},{"id":1,"level":60},{"id":0,"level":0},{"id":15,"level":8},{"id":15,"level":8},{"id":15,"level":8},{"id":0,"level":0},{"id":1,"level":60},{"id":0,"level":0},{"id":14,"level":12},{"id":0,"level":0},{"id":0,"level":0},{"id":1,"level":60},{"id":0,"level":0},{"id":0,"level":0},{"id":0,"level":0},{"id":0,"level":0},{"id":0,"level":0},{"id":1,"level":60},{"id":0,"level":0},{"id":0,"level":0},{"id":14,"level":12},{"id":0,"level":0},{"id":1,"level":60},{"id":1,"level":60},{"id":1,"level":60},{"id":1,"level":60},{"id":1,"level":60},{"id":1,"level":60},{"id":1,"level":60},{"id":0,"level":0},{"id":14,"level":12},{"id":0,"level":0},{"id":0,"level":0},{"id":0,"level":0},{"id":0,"level":0},{"id":0,"level":0},{"id":0,"level":0},{"id":0,"level":0},{"id":0,"level":0},{"id":0,"level":0},{"id":0,"level":0},{"id":0,"level":0},{"id":14,"level":12},{"id":0,"level":0},{"id":14,"level":12},{"id":0,"level":0},{"id":14,"level":12},{"id":0,"level":0},{"id":14,"level":12},{"id":0,"level":0},{"id":14,"level":12},{"id":0,"level":0},{"id":14,"level":12},{"id":0,"level":0},{"id":0,"level":0},{"id":0,"level":0},{"id":0,"level":0},{"id":0,"level":0},{"id":0,"level":0},{"id":0,"level":0},{"id":0,"level":0},{"id":0,"level":0},{"id":0,"level":0},{"id":0,"level":0}],"powActive":false,"powValue":3},{"id":10,"time":15.0,"enemyInfos":[{"id":0,"level":0},{"id":0,"level":0},{"id":0,"level":0},{"id":0,"level":0},{"id":0,"level":0},{"id":0,"level":0},{"id":0,"level":0},{"id":0,"level":0},{"id":0,"level":0},{"id":0,"level":0},{"id":0,"level":0},{"id":0,"level":0},{"id":0,"level":0},{"id":0,"level":0},{"id":0,"level":0},{"id":0,"level":0},{"id":0,"level":0},{"id":0,"level":0},{"id":0,"level":0},{"id":0,"level":0},{"id":0,"level":0},{"id":0,"level":0},{"id":0,"level":0},{"id":0,"level":0},{"id":0,"level":0},{"id":0,"level":0},{"id":0,"level":0},{"id":0,"level":0},{"id":0,"level":0},{"id":0,"level":0},{"id":0,"level":0},{"id":0,"level":0},{"id":0,"level":0},{"id":15,"level":8},{"id":0,"level":0},{"id":15,"level":8},{"id":0,"level":0},{"id":0,"level":0},{"id":15,"level":8},{"id":0,"level":0},{"id":15,"level":8},{"id":0,"level":0},{"id":15,"level":8},{"id":0,"level":0},{"id":0,"level":0},{"id":0,"level":0},{"id":0,"level":0},{"id":0,"level":0},{"id":15,"level":8},{"id":1,"level":60},{"id":1,"level":60},{"id":1,"level":60},{"id":1,"level":60},{"id":0,"level":0},{"id":0,"level":0},{"id":0,"level":0},{"id":0,"level":0},{"id":0,"level":0},{"id":0,"level":0},{"id":0,"level":0},{"id":1,"level":60},{"id":0,"level":0},{"id":0,"level":0},{"id":1,"level":60},{"id":0,"level":0},{"id":0,"level":0},{"id":0,"level":0},{"id":0,"level":0},{"id":0,"level":0},{"id":15,"level":8},{"id":1,"level":60},{"id":1,"level":60},{"id":0,"level":0},{"id":15,"level":8},{"id":0,"level":0},{"id":1,"level":60},{"id":0,"level":0},{"id":0,"level":0},{"id":0,"level":0},{"id":0,"level":0},{"id":0,"level":0},{"id":0,"level":0},{"id":15,"level":8},{"id":0,"level":0},{"id":14,"level":12},{"id":0,"level":0},{"id":0,"level":0},{"id":0,"level":0},{"id":14,"level":12},{"id":14,"level":12},{"id":0,"level":0},{"id":14,"level":12},{"id":0,"level":0},{"id":0,"level":0},{"id":0,"level":0},{"id":0,"level":0},{"id":14,"level":12},{"id":14,"level":12},{"id":0,"level":0},{"id":0,"level":0},{"id":0,"level":0},{"id":14,"level":12},{"id":0,"level":0},{"id":0,"level":0},{"id":14,"level":12},{"id":14,"level":12},{"id":0,"level":0},{"id":0,"level":0},{"id":14,"level":12},{"id":0,"level":0},{"id":14,"level":12},{"id":14,"level":12},{"id":0,"level":0},{"id":0,"level":0},{"id":0,"level":0},{"id":14,"level":12},{"id":0,"level":0},{"id":0,"level":0},{"id":0,"level":0},{"id":0,"level":0},{"id":0,"level":0},{"id":0,"level":0},{"id":14,"level":12},{"id":0,"level":0},{"id":0,"level":0},{"id":0,"level":0},{"id":0,"level":0},{"id":0,"level":0},{"id":0,"level":0},{"id":0,"level":0},{"id":0,"level":0},{"id":0,"level":0},{"id":0,"level":0},{"id":0,"level":0},{"id":0,"level":0},{"id":0,"level":0},{"id":0,"level":0},{"id":0,"level":0},{"id":0,"level":0},{"id":0,"level":0},{"id":0,"level":0},{"id":0,"level":0},{"id":0,"level":0}],"powActive":false,"powValue":3},{"id":11,"time":15.0,"enemyInfos":[{"id":0,"level":0},{"id":0,"level":0},{"id":0,"level":0},{"id":0,"level":0},{"id":0,"level":0},{"id":0,"level":0},{"id":0,"level":0},{"id":0,"level":0},{"id":0,"level":0},{"id":0,"level":0},{"id":0,"level":0},{"id":0,"level":0},{"id":0,"level":0},{"id":0,"level":0},{"id":0,"level":0},{"id":0,"level":0},{"id":0,"level":0},{"id":0,"level":0},{"id":0,"level":0},{"id":0,"level":0},{"id":0,"level":0},{"id":0,"level":0},{"id":0,"level":0},{"id":0,"level":0},{"id":0,"level":0},{"id":0,"level":0},{"id":0,"level":0},{"id":0,"level":0},{"id":0,"level":0},{"id":0,"level":0},{"id":0,"level":0},{"id":0,"level":0},{"id":0,"level":0},{"id":0,"level":0},{"id":0,"level":0},{"id":0,"level":0},{"id":0,"level":0},{"id":0,"level":0},{"id":0,"level":0},{"id":0,"level":0},{"id":0,"level":0},{"id":0,"level":0},{"id":0,"level":0},{"id":0,"level":0},{"id":0,"level":0},{"id":0,"level":0},{"id":0,"level":0},{"id":0,"level":0},{"id":0,"level":0},{"id":0,"level":0},{"id":0,"level":0},{"id":0,"level":0},{"id":0,"level":0},{"id":0,"level":0},{"id":0,"level":0},{"id":0,"level":0},{"id":0,"level":0},{"id":0,"level":0},{"id":0,"level":0},{"id":0,"level":0},{"id":0,"level":0},{"id":0,"level":0},{"id":0,"level":0},{"id":0,"level":0},{"id":0,"level":0},{"id":0,"level":0},{"id":0,"level":0},{"id":0,"level":0},{"id":0,"level":0},{"id":0,"level":0},{"id":0,"level":0},{"id":24,"level":1},{"id":0,"level":0},{"id":0,"level":0},{"id":0,"level":0},{"id":0,"level":0},{"id":0,"level":0},{"id":0,"level":0},{"id":0,"level":0},{"id":0,"level":0},{"id":15,"level":8},{"id":0,"level":0},{"id":0,"level":0},{"id":0,"level":0},{"id":15,"level":8},{"id":0,"level":0},{"id":0,"level":0},{"id":0,"level":0},{"id":0,"level":0},{"id":15,"level":8},{"id":0,"level":0},{"id":0,"level":0},{"id":0,"level":0},{"id":15,"level":8},{"id":0,"level":0},{"id":0,"level":0},{"id":0,"level":0},{"id":15,"level":8},{"id":0,"level":0},{"id":0,"level":0},{"id":0,"level":0},{"id":0,"level":0},{"id":0,"level":0},{"id":0,"level":0},{"id":0,"level":0},{"id":0,"level":0},{"id":0,"level":0},{"id":0,"level":0},{"id":0,"level":0},{"id":0,"level":0},{"id":1,"level":60},{"id":0,"level":0},{"id":0,"level":0},{"id":14,"level":12},{"id":0,"level":0},{"id":0,"level":0},{"id":0,"level":0},{"id":14,"level":12},{"id":0,"level":0},{"id":0,"level":0},{"id":1,"level":60},{"id":0,"level":0},{"id":1,"level":60},{"id":0,"level":0},{"id":0,"level":0},{"id":14,"level":12},{"id":0,"level":0},{"id":14,"level":12},{"id":0,"level":0},{"id":0,"level":0},{"id":1,"level":60},{"id":0,"level":0},{"id":0,"level":0},{"id":0,"level":0},{"id":1,"level":60},{"id":0,"level":0},{"id":0,"level":0},{"id":14,"level":12},{"id":0,"level":0},{"id":0,"level":0},{"id":1,"level":60},{"id":0,"level":0},{"id":0,"level":0}],"powActive":false,"powValue":3}],"enemyInfos":[{"id":1,"level":60},{"id":15,"level":8},{"id":14,"level":12},{"id":24,"level":1},{"id":19,"level":5}]}