{"id":6005,"waveNumber":11,"hpx":4.0,"damx":1.0,"coinBonus":80000,"userEXPBonus":7500,"heroEXPBonus":80000,"gemBonus":5,"gearBonus":20,"coinAFK":2400,"userEXPAFK":73,"heroEXPAFK":1600,"gemAFK":2,"gearAFK":19,"rateGearAFK":30,"coinBoss":0,"userEXPBoss":0,"heroEXPBoss":0,"gemBoss":25,"gearBoss":0,"powerFragmentBoss":0,"powerCrystalBoss":0,"powerDevineBoss":0,"waveInfos":[{"id":1,"time":10.0,"enemyInfos":[{"id":0,"level":0},{"id":0,"level":0},{"id":0,"level":0},{"id":0,"level":0},{"id":0,"level":0},{"id":0,"level":0},{"id":0,"level":0},{"id":0,"level":0},{"id":0,"level":0},{"id":0,"level":0},{"id":0,"level":0},{"id":0,"level":0},{"id":0,"level":0},{"id":0,"level":0},{"id":0,"level":0},{"id":0,"level":0},{"id":0,"level":0},{"id":0,"level":0},{"id":0,"level":0},{"id":0,"level":0},{"id":0,"level":0},{"id":0,"level":0},{"id":0,"level":0},{"id":0,"level":0},{"id":0,"level":0},{"id":0,"level":0},{"id":0,"level":0},{"id":0,"level":0},{"id":0,"level":0},{"id":0,"level":0},{"id":0,"level":0},{"id":0,"level":0},{"id":0,"level":0},{"id":0,"level":0},{"id":0,"level":0},{"id":0,"level":0},{"id":0,"level":0},{"id":0,"level":0},{"id":0,"level":0},{"id":0,"level":0},{"id":0,"level":0},{"id":0,"level":0},{"id":0,"level":0},{"id":0,"level":0},{"id":0,"level":0},{"id":0,"level":0},{"id":0,"level":0},{"id":0,"level":0},{"id":0,"level":0},{"id":0,"level":0},{"id":0,"level":0},{"id":0,"level":0},{"id":0,"level":0},{"id":0,"level":0},{"id":0,"level":0},{"id":0,"level":0},{"id":0,"level":0},{"id":0,"level":0},{"id":0,"level":0},{"id":0,"level":0},{"id":0,"level":0},{"id":0,"level":0},{"id":0,"level":0},{"id":0,"level":0},{"id":0,"level":0},{"id":0,"level":0},{"id":0,"level":0},{"id":0,"level":0},{"id":0,"level":0},{"id":0,"level":0},{"id":0,"level":0},{"id":0,"level":0},{"id":0,"level":0},{"id":0,"level":0},{"id":0,"level":0},{"id":0,"level":0},{"id":0,"level":0},{"id":1,"level":40},{"id":0,"level":0},{"id":0,"level":0},{"id":0,"level":0},{"id":0,"level":0},{"id":14,"level":10},{"id":0,"level":0},{"id":0,"level":0},{"id":0,"level":0},{"id":0,"level":0},{"id":1,"level":40},{"id":0,"level":0},{"id":1,"level":40},{"id":0,"level":0},{"id":0,"level":0},{"id":14,"level":10},{"id":0,"level":0},{"id":14,"level":10},{"id":0,"level":0},{"id":0,"level":0},{"id":1,"level":40},{"id":0,"level":0},{"id":0,"level":0},{"id":0,"level":0},{"id":1,"level":40},{"id":0,"level":0},{"id":0,"level":0},{"id":14,"level":10},{"id":0,"level":0},{"id":0,"level":0},{"id":1,"level":40},{"id":0,"level":0},{"id":0,"level":0},{"id":1,"level":40},{"id":0,"level":0},{"id":0,"level":0},{"id":1,"level":40},{"id":0,"level":0},{"id":0,"level":0},{"id":0,"level":0},{"id":1,"level":40},{"id":0,"level":0},{"id":0,"level":0},{"id":1,"level":40},{"id":0,"level":0},{"id":1,"level":40},{"id":0,"level":0},{"id":0,"level":0},{"id":1,"level":40},{"id":0,"level":0},{"id":1,"level":40},{"id":0,"level":0},{"id":0,"level":0},{"id":1,"level":40},{"id":0,"level":0},{"id":0,"level":0},{"id":0,"level":0},{"id":1,"level":40},{"id":0,"level":0},{"id":0,"level":0},{"id":1,"level":40},{"id":0,"level":0},{"id":0,"level":0},{"id":1,"level":40},{"id":0,"level":0},{"id":0,"level":0}],"powActive":false,"powValue":3},{"id":2,"time":15.0,"enemyInfos":[{"id":1,"level":40},{"id":0,"level":0},{"id":0,"level":0},{"id":0,"level":0},{"id":1,"level":40},{"id":0,"level":0},{"id":0,"level":0},{"id":0,"level":0},{"id":1,"level":40},{"id":0,"level":0},{"id":0,"level":0},{"id":0,"level":0},{"id":1,"level":40},{"id":0,"level":0},{"id":1,"level":40},{"id":0,"level":0},{"id":0,"level":0},{"id":14,"level":10},{"id":0,"level":0},{"id":0,"level":0},{"id":0,"level":0},{"id":14,"level":10},{"id":0,"level":0},{"id":0,"level":0},{"id":1,"level":40},{"id":0,"level":0},{"id":0,"level":0},{"id":0,"level":0},{"id":0,"level":0},{"id":14,"level":10},{"id":0,"level":0},{"id":14,"level":10},{"id":0,"level":0},{"id":14,"level":10},{"id":0,"level":0},{"id":0,"level":0},{"id":0,"level":0},{"id":14,"level":10},{"id":0,"level":0},{"id":0,"level":0},{"id":0,"level":0},{"id":14,"level":10},{"id":0,"level":0},{"id":0,"level":0},{"id":0,"level":0},{"id":14,"level":10},{"id":0,"level":0},{"id":14,"level":10},{"id":0,"level":0},{"id":0,"level":0},{"id":0,"level":0},{"id":0,"level":0},{"id":0,"level":0},{"id":0,"level":0},{"id":0,"level":0},{"id":0,"level":0},{"id":0,"level":0},{"id":14,"level":10},{"id":0,"level":0},{"id":0,"level":0},{"id":0,"level":0},{"id":1,"level":40},{"id":0,"level":0},{"id":0,"level":0},{"id":0,"level":0},{"id":1,"level":40},{"id":0,"level":0},{"id":0,"level":0},{"id":0,"level":0},{"id":0,"level":0},{"id":0,"level":0},{"id":0,"level":0},{"id":0,"level":0},{"id":1,"level":40},{"id":0,"level":0},{"id":1,"level":40},{"id":0,"level":0},{"id":1,"level":40},{"id":0,"level":0},{"id":0,"level":0},{"id":0,"level":0},{"id":1,"level":40},{"id":0,"level":0},{"id":0,"level":0},{"id":0,"level":0},{"id":1,"level":40},{"id":0,"level":0},{"id":0,"level":0},{"id":0,"level":0},{"id":1,"level":40},{"id":0,"level":0},{"id":1,"level":40},{"id":0,"level":0},{"id":0,"level":0},{"id":14,"level":10},{"id":0,"level":0},{"id":0,"level":0},{"id":0,"level":0},{"id":14,"level":10},{"id":0,"level":0},{"id":0,"level":0},{"id":1,"level":40},{"id":0,"level":0},{"id":0,"level":0},{"id":0,"level":0},{"id":0,"level":0},{"id":14,"level":10},{"id":0,"level":0},{"id":14,"level":10},{"id":0,"level":0},{"id":14,"level":10},{"id":0,"level":0},{"id":0,"level":0},{"id":0,"level":0},{"id":14,"level":10},{"id":0,"level":0},{"id":0,"level":0},{"id":0,"level":0},{"id":14,"level":10},{"id":0,"level":0},{"id":0,"level":0},{"id":0,"level":0},{"id":14,"level":10},{"id":0,"level":0},{"id":14,"level":10},{"id":0,"level":0},{"id":0,"level":0},{"id":0,"level":0},{"id":0,"level":0},{"id":0,"level":0},{"id":0,"level":0},{"id":0,"level":0},{"id":0,"level":0},{"id":0,"level":0},{"id":14,"level":10},{"id":0,"level":0},{"id":0,"level":0},{"id":0,"level":0},{"id":1,"level":40},{"id":0,"level":0},{"id":0,"level":0},{"id":0,"level":0},{"id":1,"level":40}],"powActive":false,"powValue":3},{"id":3,"time":15.0,"enemyInfos":[{"id":0,"level":0},{"id":0,"level":0},{"id":0,"level":0},{"id":0,"level":0},{"id":0,"level":0},{"id":0,"level":0},{"id":0,"level":0},{"id":0,"level":0},{"id":0,"level":0},{"id":0,"level":0},{"id":0,"level":0},{"id":0,"level":0},{"id":0,"level":0},{"id":0,"level":0},{"id":0,"level":0},{"id":0,"level":0},{"id":0,"level":0},{"id":0,"level":0},{"id":0,"level":0},{"id":0,"level":0},{"id":0,"level":0},{"id":0,"level":0},{"id":0,"level":0},{"id":0,"level":0},{"id":0,"level":0},{"id":0,"level":0},{"id":0,"level":0},{"id":0,"level":0},{"id":0,"level":0},{"id":0,"level":0},{"id":0,"level":0},{"id":0,"level":0},{"id":0,"level":0},{"id":0,"level":0},{"id":0,"level":0},{"id":0,"level":0},{"id":0,"level":0},{"id":0,"level":0},{"id":0,"level":0},{"id":0,"level":0},{"id":0,"level":0},{"id":0,"level":0},{"id":0,"level":0},{"id":0,"level":0},{"id":0,"level":0},{"id":0,"level":0},{"id":0,"level":0},{"id":0,"level":0},{"id":0,"level":0},{"id":0,"level":0},{"id":0,"level":0},{"id":0,"level":0},{"id":0,"level":0},{"id":0,"level":0},{"id":0,"level":0},{"id":0,"level":0},{"id":0,"level":0},{"id":0,"level":0},{"id":0,"level":0},{"id":0,"level":0},{"id":0,"level":0},{"id":0,"level":0},{"id":0,"level":0},{"id":0,"level":0},{"id":0,"level":0},{"id":0,"level":0},{"id":0,"level":0},{"id":0,"level":0},{"id":0,"level":0},{"id":1,"level":40},{"id":0,"level":0},{"id":0,"level":0},{"id":0,"level":0},{"id":1,"level":40},{"id":0,"level":0},{"id":0,"level":0},{"id":0,"level":0},{"id":0,"level":0},{"id":0,"level":0},{"id":1,"level":40},{"id":0,"level":0},{"id":1,"level":40},{"id":0,"level":0},{"id":1,"level":40},{"id":0,"level":0},{"id":1,"level":40},{"id":0,"level":0},{"id":0,"level":0},{"id":0,"level":0},{"id":1,"level":40},{"id":0,"level":0},{"id":14,"level":10},{"id":0,"level":0},{"id":1,"level":40},{"id":0,"level":0},{"id":14,"level":10},{"id":0,"level":0},{"id":1,"level":40},{"id":0,"level":0},{"id":1,"level":40},{"id":0,"level":0},{"id":14,"level":10},{"id":0,"level":0},{"id":14,"level":10},{"id":0,"level":0},{"id":14,"level":10},{"id":0,"level":0},{"id":14,"level":10},{"id":0,"level":0},{"id":1,"level":40},{"id":0,"level":0},{"id":1,"level":40},{"id":0,"level":0},{"id":14,"level":10},{"id":0,"level":0},{"id":1,"level":40},{"id":0,"level":0},{"id":14,"level":10},{"id":0,"level":0},{"id":1,"level":40},{"id":0,"level":0},{"id":0,"level":0},{"id":0,"level":0},{"id":1,"level":40},{"id":0,"level":0},{"id":1,"level":40},{"id":0,"level":0},{"id":1,"level":40},{"id":0,"level":0},{"id":1,"level":40},{"id":0,"level":0},{"id":0,"level":0},{"id":0,"level":0},{"id":0,"level":0},{"id":0,"level":0},{"id":1,"level":40},{"id":0,"level":0},{"id":0,"level":0},{"id":0,"level":0},{"id":1,"level":40},{"id":0,"level":0},{"id":0,"level":0},{"id":0,"level":0}],"powActive":false,"powValue":3},{"id":4,"time":15.0,"enemyInfos":[{"id":0,"level":0},{"id":0,"level":0},{"id":0,"level":0},{"id":0,"level":0},{"id":0,"level":0},{"id":0,"level":0},{"id":0,"level":0},{"id":0,"level":0},{"id":0,"level":0},{"id":0,"level":0},{"id":0,"level":0},{"id":0,"level":0},{"id":0,"level":0},{"id":0,"level":0},{"id":0,"level":0},{"id":0,"level":0},{"id":0,"level":0},{"id":0,"level":0},{"id":0,"level":0},{"id":0,"level":0},{"id":0,"level":0},{"id":0,"level":0},{"id":0,"level":0},{"id":0,"level":0},{"id":0,"level":0},{"id":0,"level":0},{"id":0,"level":0},{"id":0,"level":0},{"id":0,"level":0},{"id":0,"level":0},{"id":0,"level":0},{"id":0,"level":0},{"id":0,"level":0},{"id":0,"level":0},{"id":0,"level":0},{"id":0,"level":0},{"id":0,"level":0},{"id":0,"level":0},{"id":0,"level":0},{"id":0,"level":0},{"id":0,"level":0},{"id":0,"level":0},{"id":0,"level":0},{"id":0,"level":0},{"id":0,"level":0},{"id":0,"level":0},{"id":0,"level":0},{"id":0,"level":0},{"id":0,"level":0},{"id":0,"level":0},{"id":0,"level":0},{"id":0,"level":0},{"id":0,"level":0},{"id":0,"level":0},{"id":0,"level":0},{"id":0,"level":0},{"id":0,"level":0},{"id":0,"level":0},{"id":0,"level":0},{"id":0,"level":0},{"id":0,"level":0},{"id":0,"level":0},{"id":0,"level":0},{"id":0,"level":0},{"id":0,"level":0},{"id":0,"level":0},{"id":0,"level":0},{"id":0,"level":0},{"id":0,"level":0},{"id":0,"level":0},{"id":0,"level":0},{"id":0,"level":0},{"id":0,"level":0},{"id":0,"level":0},{"id":0,"level":0},{"id":0,"level":0},{"id":0,"level":0},{"id":0,"level":0},{"id":0,"level":0},{"id":0,"level":0},{"id":0,"level":0},{"id":0,"level":0},{"id":14,"level":10},{"id":0,"level":0},{"id":0,"level":0},{"id":0,"level":0},{"id":0,"level":0},{"id":0,"level":0},{"id":0,"level":0},{"id":14,"level":10},{"id":0,"level":0},{"id":0,"level":0},{"id":14,"level":10},{"id":0,"level":0},{"id":14,"level":10},{"id":0,"level":0},{"id":0,"level":0},{"id":14,"level":10},{"id":0,"level":0},{"id":1,"level":40},{"id":0,"level":0},{"id":1,"level":40},{"id":1,"level":40},{"id":0,"level":0},{"id":0,"level":0},{"id":0,"level":0},{"id":1,"level":40},{"id":1,"level":40},{"id":0,"level":0},{"id":1,"level":40},{"id":0,"level":0},{"id":1,"level":40},{"id":0,"level":0},{"id":0,"level":0},{"id":1,"level":40},{"id":0,"level":0},{"id":1,"level":40},{"id":0,"level":0},{"id":0,"level":0},{"id":1,"level":40},{"id":0,"level":0},{"id":0,"level":0},{"id":14,"level":10},{"id":0,"level":0},{"id":0,"level":0},{"id":0,"level":0},{"id":1,"level":40},{"id":0,"level":0},{"id":0,"level":0},{"id":0,"level":0},{"id":14,"level":10},{"id":0,"level":0},{"id":14,"level":10},{"id":0,"level":0},{"id":14,"level":10},{"id":14,"level":10},{"id":0,"level":0},{"id":0,"level":0},{"id":0,"level":0},{"id":14,"level":10},{"id":14,"level":10},{"id":0,"level":0},{"id":14,"level":10}],"powActive":false,"powValue":3},{"id":5,"time":15.0,"enemyInfos":[{"id":0,"level":0},{"id":0,"level":0},{"id":0,"level":0},{"id":0,"level":0},{"id":0,"level":0},{"id":0,"level":0},{"id":0,"level":0},{"id":0,"level":0},{"id":0,"level":0},{"id":0,"level":0},{"id":0,"level":0},{"id":0,"level":0},{"id":0,"level":0},{"id":0,"level":0},{"id":0,"level":0},{"id":0,"level":0},{"id":0,"level":0},{"id":0,"level":0},{"id":0,"level":0},{"id":0,"level":0},{"id":0,"level":0},{"id":0,"level":0},{"id":0,"level":0},{"id":0,"level":0},{"id":0,"level":0},{"id":0,"level":0},{"id":0,"level":0},{"id":0,"level":0},{"id":0,"level":0},{"id":0,"level":0},{"id":0,"level":0},{"id":0,"level":0},{"id":0,"level":0},{"id":0,"level":0},{"id":0,"level":0},{"id":0,"level":0},{"id":0,"level":0},{"id":0,"level":0},{"id":0,"level":0},{"id":0,"level":0},{"id":0,"level":0},{"id":0,"level":0},{"id":0,"level":0},{"id":0,"level":0},{"id":0,"level":0},{"id":0,"level":0},{"id":0,"level":0},{"id":0,"level":0},{"id":0,"level":0},{"id":0,"level":0},{"id":0,"level":0},{"id":0,"level":0},{"id":0,"level":0},{"id":0,"level":0},{"id":0,"level":0},{"id":0,"level":0},{"id":0,"level":0},{"id":0,"level":0},{"id":0,"level":0},{"id":0,"level":0},{"id":0,"level":0},{"id":0,"level":0},{"id":0,"level":0},{"id":0,"level":0},{"id":0,"level":0},{"id":0,"level":0},{"id":0,"level":0},{"id":0,"level":0},{"id":0,"level":0},{"id":0,"level":0},{"id":0,"level":0},{"id":22,"level":5},{"id":0,"level":0},{"id":0,"level":0},{"id":0,"level":0},{"id":0,"level":0},{"id":0,"level":0},{"id":0,"level":0},{"id":0,"level":0},{"id":0,"level":0},{"id":0,"level":0},{"id":0,"level":0},{"id":0,"level":0},{"id":0,"level":0},{"id":0,"level":0},{"id":0,"level":0},{"id":0,"level":0},{"id":0,"level":0},{"id":0,"level":0},{"id":0,"level":0},{"id":0,"level":0},{"id":0,"level":0},{"id":0,"level":0},{"id":0,"level":0},{"id":0,"level":0},{"id":0,"level":0},{"id":0,"level":0},{"id":0,"level":0},{"id":0,"level":0},{"id":0,"level":0},{"id":0,"level":0},{"id":14,"level":10},{"id":0,"level":0},{"id":0,"level":0},{"id":14,"level":10},{"id":0,"level":0},{"id":0,"level":0},{"id":14,"level":10},{"id":0,"level":0},{"id":0,"level":0},{"id":0,"level":0},{"id":1,"level":40},{"id":0,"level":0},{"id":0,"level":0},{"id":1,"level":40},{"id":0,"level":0},{"id":1,"level":40},{"id":0,"level":0},{"id":0,"level":0},{"id":1,"level":40},{"id":0,"level":0},{"id":1,"level":40},{"id":0,"level":0},{"id":0,"level":0},{"id":1,"level":40},{"id":0,"level":0},{"id":0,"level":0},{"id":0,"level":0},{"id":1,"level":40},{"id":0,"level":0},{"id":0,"level":0},{"id":1,"level":40},{"id":0,"level":0},{"id":0,"level":0},{"id":14,"level":10},{"id":0,"level":0},{"id":0,"level":0},{"id":14,"level":10},{"id":0,"level":0},{"id":0,"level":0},{"id":14,"level":10},{"id":0,"level":0},{"id":0,"level":0}],"powActive":false,"powValue":3},{"id":6,"time":10.0,"enemyInfos":[{"id":0,"level":0},{"id":0,"level":0},{"id":0,"level":0},{"id":0,"level":0},{"id":0,"level":0},{"id":0,"level":0},{"id":0,"level":0},{"id":0,"level":0},{"id":0,"level":0},{"id":0,"level":0},{"id":0,"level":0},{"id":0,"level":0},{"id":0,"level":0},{"id":0,"level":0},{"id":0,"level":0},{"id":0,"level":0},{"id":0,"level":0},{"id":0,"level":0},{"id":0,"level":0},{"id":0,"level":0},{"id":0,"level":0},{"id":0,"level":0},{"id":0,"level":0},{"id":0,"level":0},{"id":0,"level":0},{"id":0,"level":0},{"id":0,"level":0},{"id":0,"level":0},{"id":0,"level":0},{"id":0,"level":0},{"id":0,"level":0},{"id":0,"level":0},{"id":0,"level":0},{"id":0,"level":0},{"id":0,"level":0},{"id":0,"level":0},{"id":0,"level":0},{"id":0,"level":0},{"id":0,"level":0},{"id":0,"level":0},{"id":0,"level":0},{"id":0,"level":0},{"id":0,"level":0},{"id":0,"level":0},{"id":0,"level":0},{"id":0,"level":0},{"id":0,"level":0},{"id":0,"level":0},{"id":0,"level":0},{"id":0,"level":0},{"id":0,"level":0},{"id":0,"level":0},{"id":0,"level":0},{"id":0,"level":0},{"id":0,"level":0},{"id":0,"level":0},{"id":0,"level":0},{"id":0,"level":0},{"id":0,"level":0},{"id":0,"level":0},{"id":0,"level":0},{"id":0,"level":0},{"id":0,"level":0},{"id":0,"level":0},{"id":0,"level":0},{"id":0,"level":0},{"id":0,"level":0},{"id":0,"level":0},{"id":0,"level":0},{"id":0,"level":0},{"id":0,"level":0},{"id":0,"level":0},{"id":0,"level":0},{"id":0,"level":0},{"id":0,"level":0},{"id":0,"level":0},{"id":0,"level":0},{"id":0,"level":0},{"id":0,"level":0},{"id":0,"level":0},{"id":0,"level":0},{"id":0,"level":0},{"id":0,"level":0},{"id":0,"level":0},{"id":0,"level":0},{"id":0,"level":0},{"id":0,"level":0},{"id":0,"level":0},{"id":0,"level":0},{"id":0,"level":0},{"id":0,"level":0},{"id":1,"level":40},{"id":0,"level":0},{"id":0,"level":0},{"id":0,"level":0},{"id":1,"level":40},{"id":0,"level":0},{"id":0,"level":0},{"id":0,"level":0},{"id":0,"level":0},{"id":0,"level":0},{"id":1,"level":40},{"id":0,"level":0},{"id":0,"level":0},{"id":0,"level":0},{"id":0,"level":0},{"id":0,"level":0},{"id":1,"level":40},{"id":0,"level":0},{"id":0,"level":0},{"id":0,"level":0},{"id":1,"level":40},{"id":0,"level":0},{"id":14,"level":10},{"id":0,"level":0},{"id":1,"level":40},{"id":0,"level":0},{"id":14,"level":10},{"id":0,"level":0},{"id":1,"level":40},{"id":0,"level":0},{"id":1,"level":40},{"id":0,"level":0},{"id":14,"level":10},{"id":0,"level":0},{"id":1,"level":40},{"id":0,"level":0},{"id":1,"level":40},{"id":0,"level":0},{"id":14,"level":10},{"id":0,"level":0},{"id":1,"level":40},{"id":0,"level":0},{"id":0,"level":0},{"id":0,"level":0},{"id":1,"level":40},{"id":0,"level":0},{"id":14,"level":10},{"id":0,"level":0},{"id":1,"level":40},{"id":0,"level":0},{"id":0,"level":0},{"id":0,"level":0}],"powActive":false,"powValue":3},{"id":7,"time":15.0,"enemyInfos":[{"id":0,"level":0},{"id":0,"level":0},{"id":1,"level":40},{"id":0,"level":0},{"id":0,"level":0},{"id":0,"level":0},{"id":0,"level":0},{"id":0,"level":0},{"id":0,"level":0},{"id":0,"level":0},{"id":0,"level":0},{"id":0,"level":0},{"id":14,"level":10},{"id":0,"level":0},{"id":14,"level":10},{"id":0,"level":0},{"id":0,"level":0},{"id":0,"level":0},{"id":0,"level":0},{"id":0,"level":0},{"id":0,"level":0},{"id":0,"level":0},{"id":1,"level":40},{"id":0,"level":0},{"id":0,"level":0},{"id":0,"level":0},{"id":1,"level":40},{"id":0,"level":0},{"id":0,"level":0},{"id":0,"level":0},{"id":0,"level":0},{"id":0,"level":0},{"id":0,"level":0},{"id":0,"level":0},{"id":14,"level":10},{"id":0,"level":0},{"id":14,"level":10},{"id":0,"level":0},{"id":0,"level":0},{"id":0,"level":0},{"id":0,"level":0},{"id":0,"level":0},{"id":0,"level":0},{"id":0,"level":0},{"id":0,"level":0},{"id":0,"level":0},{"id":1,"level":40},{"id":0,"level":0},{"id":0,"level":0},{"id":0,"level":0},{"id":0,"level":0},{"id":0,"level":0},{"id":1,"level":40},{"id":0,"level":0},{"id":0,"level":0},{"id":0,"level":0},{"id":0,"level":0},{"id":0,"level":0},{"id":0,"level":0},{"id":0,"level":0},{"id":0,"level":0},{"id":0,"level":0},{"id":14,"level":10},{"id":0,"level":0},{"id":14,"level":10},{"id":0,"level":0},{"id":0,"level":0},{"id":0,"level":0},{"id":0,"level":0},{"id":0,"level":0},{"id":0,"level":0},{"id":0,"level":0},{"id":1,"level":40},{"id":0,"level":0},{"id":0,"level":0},{"id":0,"level":0},{"id":1,"level":40},{"id":0,"level":0},{"id":0,"level":0},{"id":0,"level":0},{"id":0,"level":0},{"id":0,"level":0},{"id":0,"level":0},{"id":0,"level":0},{"id":14,"level":10},{"id":0,"level":0},{"id":14,"level":10},{"id":0,"level":0},{"id":0,"level":0},{"id":0,"level":0},{"id":1,"level":40},{"id":0,"level":0},{"id":0,"level":0},{"id":0,"level":0},{"id":0,"level":0},{"id":0,"level":0},{"id":1,"level":40},{"id":0,"level":0},{"id":0,"level":0},{"id":0,"level":0},{"id":14,"level":10},{"id":0,"level":0},{"id":14,"level":10},{"id":0,"level":0},{"id":0,"level":0},{"id":0,"level":0},{"id":0,"level":0},{"id":0,"level":0},{"id":0,"level":0},{"id":0,"level":0},{"id":1,"level":40},{"id":0,"level":0},{"id":0,"level":0},{"id":0,"level":0},{"id":1,"level":40},{"id":0,"level":0},{"id":0,"level":0},{"id":0,"level":0},{"id":0,"level":0},{"id":0,"level":0},{"id":0,"level":0},{"id":0,"level":0},{"id":14,"level":10},{"id":0,"level":0},{"id":14,"level":10},{"id":0,"level":0},{"id":0,"level":0},{"id":0,"level":0},{"id":0,"level":0},{"id":0,"level":0},{"id":0,"level":0},{"id":0,"level":0},{"id":0,"level":0},{"id":0,"level":0},{"id":1,"level":40},{"id":0,"level":0},{"id":0,"level":0},{"id":0,"level":0},{"id":0,"level":0},{"id":0,"level":0},{"id":0,"level":0},{"id":0,"level":0},{"id":0,"level":0}],"powActive":false,"powValue":3},{"id":8,"time":15.0,"enemyInfos":[{"id":1,"level":40},{"id":0,"level":0},{"id":1,"level":40},{"id":0,"level":0},{"id":0,"level":0},{"id":0,"level":0},{"id":0,"level":0},{"id":0,"level":0},{"id":1,"level":40},{"id":0,"level":0},{"id":1,"level":40},{"id":0,"level":0},{"id":1,"level":40},{"id":0,"level":0},{"id":0,"level":0},{"id":0,"level":0},{"id":0,"level":0},{"id":0,"level":0},{"id":0,"level":0},{"id":0,"level":0},{"id":1,"level":40},{"id":0,"level":0},{"id":1,"level":40},{"id":0,"level":0},{"id":1,"level":40},{"id":0,"level":0},{"id":0,"level":0},{"id":0,"level":0},{"id":0,"level":0},{"id":0,"level":0},{"id":1,"level":40},{"id":0,"level":0},{"id":1,"level":40},{"id":0,"level":0},{"id":0,"level":0},{"id":0,"level":0},{"id":14,"level":10},{"id":0,"level":0},{"id":0,"level":0},{"id":0,"level":0},{"id":14,"level":10},{"id":0,"level":0},{"id":0,"level":0},{"id":0,"level":0},{"id":0,"level":0},{"id":0,"level":0},{"id":0,"level":0},{"id":0,"level":0},{"id":14,"level":10},{"id":0,"level":0},{"id":14,"level":10},{"id":0,"level":0},{"id":0,"level":0},{"id":0,"level":0},{"id":0,"level":0},{"id":0,"level":0},{"id":0,"level":0},{"id":0,"level":0},{"id":0,"level":0},{"id":0,"level":0},{"id":14,"level":10},{"id":0,"level":0},{"id":0,"level":0},{"id":0,"level":0},{"id":0,"level":0},{"id":0,"level":0},{"id":0,"level":0},{"id":0,"level":0},{"id":0,"level":0},{"id":0,"level":0},{"id":14,"level":10},{"id":0,"level":0},{"id":14,"level":10},{"id":0,"level":0},{"id":0,"level":0},{"id":0,"level":0},{"id":0,"level":0},{"id":1,"level":40},{"id":0,"level":0},{"id":1,"level":40},{"id":0,"level":0},{"id":0,"level":0},{"id":0,"level":0},{"id":0,"level":0},{"id":0,"level":0},{"id":1,"level":40},{"id":0,"level":0},{"id":1,"level":40},{"id":0,"level":0},{"id":1,"level":40},{"id":0,"level":0},{"id":0,"level":0},{"id":0,"level":0},{"id":0,"level":0},{"id":0,"level":0},{"id":0,"level":0},{"id":0,"level":0},{"id":1,"level":40},{"id":0,"level":0},{"id":1,"level":40},{"id":0,"level":0},{"id":1,"level":40},{"id":0,"level":0},{"id":0,"level":0},{"id":0,"level":0},{"id":0,"level":0},{"id":0,"level":0},{"id":1,"level":40},{"id":0,"level":0},{"id":1,"level":40},{"id":0,"level":0},{"id":0,"level":0},{"id":0,"level":0},{"id":0,"level":0},{"id":14,"level":10},{"id":0,"level":0},{"id":14,"level":10},{"id":0,"level":0},{"id":0,"level":0},{"id":0,"level":0},{"id":0,"level":0},{"id":0,"level":0},{"id":0,"level":0},{"id":0,"level":0},{"id":0,"level":0},{"id":0,"level":0},{"id":14,"level":10},{"id":0,"level":0},{"id":0,"level":0},{"id":0,"level":0},{"id":0,"level":0},{"id":0,"level":0},{"id":0,"level":0},{"id":0,"level":0},{"id":0,"level":0},{"id":0,"level":0},{"id":14,"level":10},{"id":0,"level":0},{"id":14,"level":10},{"id":0,"level":0},{"id":0,"level":0},{"id":0,"level":0},{"id":0,"level":0}],"powActive":false,"powValue":3},{"id":9,"time":15.0,"enemyInfos":[{"id":0,"level":0},{"id":1,"level":40},{"id":0,"level":0},{"id":0,"level":0},{"id":0,"level":0},{"id":0,"level":0},{"id":0,"level":0},{"id":0,"level":0},{"id":0,"level":0},{"id":1,"level":40},{"id":0,"level":0},{"id":0,"level":0},{"id":0,"level":0},{"id":0,"level":0},{"id":14,"level":10},{"id":0,"level":0},{"id":0,"level":0},{"id":0,"level":0},{"id":14,"level":10},{"id":0,"level":0},{"id":0,"level":0},{"id":0,"level":0},{"id":0,"level":0},{"id":1,"level":40},{"id":0,"level":0},{"id":0,"level":0},{"id":0,"level":0},{"id":14,"level":10},{"id":0,"level":0},{"id":0,"level":0},{"id":0,"level":0},{"id":1,"level":40},{"id":0,"level":0},{"id":0,"level":0},{"id":0,"level":0},{"id":0,"level":0},{"id":14,"level":10},{"id":0,"level":0},{"id":0,"level":0},{"id":0,"level":0},{"id":14,"level":10},{"id":0,"level":0},{"id":0,"level":0},{"id":0,"level":0},{"id":0,"level":0},{"id":1,"level":40},{"id":0,"level":0},{"id":0,"level":0},{"id":0,"level":0},{"id":14,"level":10},{"id":0,"level":0},{"id":0,"level":0},{"id":0,"level":0},{"id":1,"level":40},{"id":0,"level":0},{"id":0,"level":0},{"id":0,"level":0},{"id":0,"level":0},{"id":14,"level":10},{"id":0,"level":0},{"id":0,"level":0},{"id":0,"level":0},{"id":14,"level":10},{"id":0,"level":0},{"id":0,"level":0},{"id":0,"level":0},{"id":0,"level":0},{"id":1,"level":40},{"id":0,"level":0},{"id":0,"level":0},{"id":0,"level":0},{"id":14,"level":10},{"id":0,"level":0},{"id":0,"level":0},{"id":0,"level":0},{"id":1,"level":40},{"id":0,"level":0},{"id":0,"level":0},{"id":0,"level":0},{"id":0,"level":0},{"id":14,"level":10},{"id":0,"level":0},{"id":0,"level":0},{"id":0,"level":0},{"id":14,"level":10},{"id":0,"level":0},{"id":0,"level":0},{"id":0,"level":0},{"id":0,"level":0},{"id":0,"level":0},{"id":0,"level":0},{"id":0,"level":0},{"id":0,"level":0},{"id":14,"level":10},{"id":0,"level":0},{"id":0,"level":0},{"id":0,"level":0},{"id":0,"level":0},{"id":0,"level":0},{"id":0,"level":0},{"id":1,"level":40},{"id":0,"level":0},{"id":0,"level":0},{"id":0,"level":0},{"id":0,"level":0},{"id":0,"level":0},{"id":0,"level":0},{"id":0,"level":0},{"id":1,"level":40},{"id":0,"level":0},{"id":0,"level":0},{"id":0,"level":0},{"id":0,"level":0},{"id":14,"level":10},{"id":0,"level":0},{"id":0,"level":0},{"id":0,"level":0},{"id":14,"level":10},{"id":0,"level":0},{"id":0,"level":0},{"id":0,"level":0},{"id":0,"level":0},{"id":1,"level":40},{"id":0,"level":0},{"id":0,"level":0},{"id":1,"level":40},{"id":0,"level":0},{"id":1,"level":40},{"id":0,"level":0},{"id":0,"level":0},{"id":1,"level":40},{"id":0,"level":0},{"id":0,"level":0},{"id":0,"level":0},{"id":0,"level":0},{"id":14,"level":10},{"id":0,"level":0},{"id":0,"level":0},{"id":0,"level":0},{"id":14,"level":10},{"id":0,"level":0},{"id":0,"level":0},{"id":0,"level":0}],"powActive":false,"powValue":3},{"id":10,"time":15.0,"enemyInfos":[{"id":0,"level":0},{"id":0,"level":0},{"id":0,"level":0},{"id":0,"level":0},{"id":0,"level":0},{"id":0,"level":0},{"id":0,"level":0},{"id":0,"level":0},{"id":0,"level":0},{"id":0,"level":0},{"id":0,"level":0},{"id":0,"level":0},{"id":0,"level":0},{"id":0,"level":0},{"id":0,"level":0},{"id":0,"level":0},{"id":0,"level":0},{"id":0,"level":0},{"id":0,"level":0},{"id":0,"level":0},{"id":0,"level":0},{"id":0,"level":0},{"id":0,"level":0},{"id":0,"level":0},{"id":0,"level":0},{"id":0,"level":0},{"id":0,"level":0},{"id":0,"level":0},{"id":0,"level":0},{"id":0,"level":0},{"id":0,"level":0},{"id":0,"level":0},{"id":0,"level":0},{"id":0,"level":0},{"id":0,"level":0},{"id":0,"level":0},{"id":0,"level":0},{"id":0,"level":0},{"id":0,"level":0},{"id":0,"level":0},{"id":0,"level":0},{"id":0,"level":0},{"id":0,"level":0},{"id":0,"level":0},{"id":0,"level":0},{"id":0,"level":0},{"id":0,"level":0},{"id":0,"level":0},{"id":0,"level":0},{"id":0,"level":0},{"id":0,"level":0},{"id":0,"level":0},{"id":0,"level":0},{"id":0,"level":0},{"id":0,"level":0},{"id":0,"level":0},{"id":0,"level":0},{"id":0,"level":0},{"id":0,"level":0},{"id":0,"level":0},{"id":0,"level":0},{"id":0,"level":0},{"id":0,"level":0},{"id":0,"level":0},{"id":0,"level":0},{"id":0,"level":0},{"id":0,"level":0},{"id":14,"level":10},{"id":0,"level":0},{"id":0,"level":0},{"id":0,"level":0},{"id":14,"level":10},{"id":0,"level":0},{"id":0,"level":0},{"id":0,"level":0},{"id":14,"level":10},{"id":0,"level":0},{"id":0,"level":0},{"id":0,"level":0},{"id":0,"level":0},{"id":0,"level":0},{"id":0,"level":0},{"id":0,"level":0},{"id":0,"level":0},{"id":0,"level":0},{"id":0,"level":0},{"id":0,"level":0},{"id":0,"level":0},{"id":0,"level":0},{"id":14,"level":10},{"id":0,"level":0},{"id":0,"level":0},{"id":0,"level":0},{"id":14,"level":10},{"id":0,"level":0},{"id":0,"level":0},{"id":0,"level":0},{"id":14,"level":10},{"id":0,"level":0},{"id":0,"level":0},{"id":0,"level":0},{"id":0,"level":0},{"id":0,"level":0},{"id":1,"level":40},{"id":0,"level":0},{"id":1,"level":40},{"id":0,"level":0},{"id":0,"level":0},{"id":0,"level":0},{"id":0,"level":0},{"id":0,"level":0},{"id":0,"level":0},{"id":0,"level":0},{"id":1,"level":40},{"id":0,"level":0},{"id":1,"level":40},{"id":0,"level":0},{"id":1,"level":40},{"id":0,"level":0},{"id":0,"level":0},{"id":0,"level":0},{"id":0,"level":0},{"id":0,"level":0},{"id":1,"level":40},{"id":0,"level":0},{"id":1,"level":40},{"id":0,"level":0},{"id":1,"level":40},{"id":0,"level":0},{"id":1,"level":40},{"id":0,"level":0},{"id":0,"level":0},{"id":0,"level":0},{"id":14,"level":10},{"id":0,"level":0},{"id":14,"level":10},{"id":0,"level":0},{"id":14,"level":10},{"id":0,"level":0},{"id":14,"level":10},{"id":0,"level":0},{"id":14,"level":10},{"id":0,"level":0}],"powActive":false,"powValue":3},{"id":11,"time":15.0,"enemyInfos":[{"id":0,"level":0},{"id":0,"level":0},{"id":0,"level":0},{"id":0,"level":0},{"id":0,"level":0},{"id":0,"level":0},{"id":0,"level":0},{"id":0,"level":0},{"id":0,"level":0},{"id":0,"level":0},{"id":0,"level":0},{"id":0,"level":0},{"id":0,"level":0},{"id":0,"level":0},{"id":0,"level":0},{"id":0,"level":0},{"id":0,"level":0},{"id":0,"level":0},{"id":0,"level":0},{"id":0,"level":0},{"id":0,"level":0},{"id":0,"level":0},{"id":0,"level":0},{"id":0,"level":0},{"id":0,"level":0},{"id":0,"level":0},{"id":0,"level":0},{"id":0,"level":0},{"id":0,"level":0},{"id":0,"level":0},{"id":0,"level":0},{"id":0,"level":0},{"id":0,"level":0},{"id":0,"level":0},{"id":0,"level":0},{"id":0,"level":0},{"id":0,"level":0},{"id":0,"level":0},{"id":0,"level":0},{"id":0,"level":0},{"id":0,"level":0},{"id":0,"level":0},{"id":0,"level":0},{"id":0,"level":0},{"id":0,"level":0},{"id":0,"level":0},{"id":0,"level":0},{"id":0,"level":0},{"id":0,"level":0},{"id":0,"level":0},{"id":0,"level":0},{"id":0,"level":0},{"id":0,"level":0},{"id":0,"level":0},{"id":0,"level":0},{"id":0,"level":0},{"id":0,"level":0},{"id":0,"level":0},{"id":0,"level":0},{"id":0,"level":0},{"id":0,"level":0},{"id":0,"level":0},{"id":0,"level":0},{"id":0,"level":0},{"id":0,"level":0},{"id":0,"level":0},{"id":0,"level":0},{"id":0,"level":0},{"id":0,"level":0},{"id":0,"level":0},{"id":0,"level":0},{"id":0,"level":0},{"id":0,"level":0},{"id":0,"level":0},{"id":0,"level":0},{"id":0,"level":0},{"id":0,"level":0},{"id":0,"level":0},{"id":0,"level":0},{"id":0,"level":0},{"id":22,"level":5},{"id":0,"level":0},{"id":0,"level":0},{"id":0,"level":0},{"id":22,"level":5},{"id":0,"level":0},{"id":0,"level":0},{"id":0,"level":0},{"id":0,"level":0},{"id":0,"level":0},{"id":0,"level":0},{"id":0,"level":0},{"id":0,"level":0},{"id":0,"level":0},{"id":0,"level":0},{"id":0,"level":0},{"id":0,"level":0},{"id":0,"level":0},{"id":0,"level":0},{"id":0,"level":0},{"id":0,"level":0},{"id":0,"level":0},{"id":0,"level":0},{"id":0,"level":0},{"id":0,"level":0},{"id":0,"level":0},{"id":0,"level":0},{"id":0,"level":0},{"id":0,"level":0},{"id":0,"level":0},{"id":1,"level":40},{"id":1,"level":40},{"id":1,"level":40},{"id":0,"level":0},{"id":0,"level":0},{"id":0,"level":0},{"id":0,"level":0},{"id":0,"level":0},{"id":1,"level":40},{"id":1,"level":40},{"id":1,"level":40},{"id":0,"level":0},{"id":0,"level":0},{"id":0,"level":0},{"id":0,"level":0},{"id":14,"level":10},{"id":0,"level":0},{"id":14,"level":10},{"id":0,"level":0},{"id":0,"level":0},{"id":0,"level":0},{"id":0,"level":0},{"id":0,"level":0},{"id":0,"level":0},{"id":0,"level":0},{"id":14,"level":10},{"id":0,"level":0},{"id":14,"level":10},{"id":0,"level":0},{"id":14,"level":10},{"id":0,"level":0},{"id":0,"level":0},{"id":0,"level":0}],"powActive":false,"powValue":3}],"enemyInfos":[{"id":22,"level":5},{"id":1,"level":40},{"id":14,"level":10}]}