{"id":6009,"waveNumber":10,"hpx":4.0,"damx":0.5,"coinBonus":40000,"userEXPBonus":1500,"heroEXPBonus":60000,"gemBonus":5,"gearBonus":0,"coinAFK":2550,"userEXPAFK":77,"heroEXPAFK":1700,"gemAFK":2,"gearAFK":19,"rateGearAFK":30,"coinBoss":0,"userEXPBoss":0,"heroEXPBoss":0,"gemBoss":0,"gearBoss":0,"powerFragmentBoss":0,"powerCrystalBoss":0,"powerDevineBoss":0,"waveInfos":[{"id":1,"time":10.0,"enemyInfos":[{"id":0,"level":0},{"id":0,"level":0},{"id":0,"level":0},{"id":0,"level":0},{"id":0,"level":0},{"id":0,"level":0},{"id":0,"level":0},{"id":0,"level":0},{"id":0,"level":0},{"id":0,"level":0},{"id":0,"level":0},{"id":0,"level":0},{"id":0,"level":0},{"id":0,"level":0},{"id":0,"level":0},{"id":0,"level":0},{"id":0,"level":0},{"id":0,"level":0},{"id":0,"level":0},{"id":0,"level":0},{"id":0,"level":0},{"id":0,"level":0},{"id":0,"level":0},{"id":0,"level":0},{"id":0,"level":0},{"id":0,"level":0},{"id":0,"level":0},{"id":0,"level":0},{"id":0,"level":0},{"id":0,"level":0},{"id":0,"level":0},{"id":0,"level":0},{"id":0,"level":0},{"id":0,"level":0},{"id":0,"level":0},{"id":0,"level":0},{"id":0,"level":0},{"id":0,"level":0},{"id":0,"level":0},{"id":0,"level":0},{"id":0,"level":0},{"id":0,"level":0},{"id":0,"level":0},{"id":0,"level":0},{"id":0,"level":0},{"id":0,"level":0},{"id":0,"level":0},{"id":0,"level":0},{"id":0,"level":0},{"id":0,"level":0},{"id":0,"level":0},{"id":0,"level":0},{"id":0,"level":0},{"id":0,"level":0},{"id":0,"level":0},{"id":0,"level":0},{"id":0,"level":0},{"id":0,"level":0},{"id":0,"level":0},{"id":0,"level":0},{"id":0,"level":0},{"id":0,"level":0},{"id":0,"level":0},{"id":0,"level":0},{"id":0,"level":0},{"id":0,"level":0},{"id":14,"level":12},{"id":0,"level":0},{"id":0,"level":0},{"id":0,"level":0},{"id":0,"level":0},{"id":0,"level":0},{"id":0,"level":0},{"id":0,"level":0},{"id":0,"level":0},{"id":0,"level":0},{"id":14,"level":12},{"id":0,"level":0},{"id":14,"level":12},{"id":0,"level":0},{"id":0,"level":0},{"id":0,"level":0},{"id":0,"level":0},{"id":0,"level":0},{"id":0,"level":0},{"id":0,"level":0},{"id":14,"level":12},{"id":0,"level":0},{"id":0,"level":0},{"id":0,"level":0},{"id":14,"level":12},{"id":0,"level":0},{"id":14,"level":12},{"id":0,"level":0},{"id":14,"level":12},{"id":0,"level":0},{"id":14,"level":12},{"id":0,"level":0},{"id":0,"level":0},{"id":0,"level":0},{"id":0,"level":0},{"id":0,"level":0},{"id":15,"level":5},{"id":0,"level":0},{"id":0,"level":0},{"id":0,"level":0},{"id":15,"level":5},{"id":0,"level":0},{"id":0,"level":0},{"id":0,"level":0},{"id":0,"level":0},{"id":0,"level":0},{"id":14,"level":12},{"id":0,"level":0},{"id":14,"level":12},{"id":0,"level":0},{"id":14,"level":12},{"id":0,"level":0},{"id":14,"level":12},{"id":0,"level":0},{"id":0,"level":0},{"id":0,"level":0},{"id":14,"level":12},{"id":0,"level":0},{"id":14,"level":12},{"id":0,"level":0},{"id":0,"level":0},{"id":0,"level":0},{"id":14,"level":12},{"id":0,"level":0},{"id":14,"level":12},{"id":0,"level":0},{"id":0,"level":0},{"id":0,"level":0},{"id":15,"level":5},{"id":0,"level":0},{"id":0,"level":0},{"id":15,"level":5},{"id":0,"level":0},{"id":0,"level":0},{"id":15,"level":5},{"id":0,"level":0},{"id":0,"level":0}],"powActive":false,"powValue":3},{"id":2,"time":15.0,"enemyInfos":[{"id":0,"level":0},{"id":0,"level":0},{"id":0,"level":0},{"id":0,"level":0},{"id":0,"level":0},{"id":0,"level":0},{"id":0,"level":0},{"id":0,"level":0},{"id":0,"level":0},{"id":0,"level":0},{"id":0,"level":0},{"id":0,"level":0},{"id":0,"level":0},{"id":0,"level":0},{"id":0,"level":0},{"id":0,"level":0},{"id":0,"level":0},{"id":0,"level":0},{"id":0,"level":0},{"id":0,"level":0},{"id":0,"level":0},{"id":0,"level":0},{"id":0,"level":0},{"id":0,"level":0},{"id":0,"level":0},{"id":0,"level":0},{"id":0,"level":0},{"id":0,"level":0},{"id":0,"level":0},{"id":0,"level":0},{"id":0,"level":0},{"id":0,"level":0},{"id":0,"level":0},{"id":0,"level":0},{"id":0,"level":0},{"id":0,"level":0},{"id":0,"level":0},{"id":0,"level":0},{"id":0,"level":0},{"id":0,"level":0},{"id":0,"level":0},{"id":0,"level":0},{"id":0,"level":0},{"id":0,"level":0},{"id":0,"level":0},{"id":0,"level":0},{"id":0,"level":0},{"id":0,"level":0},{"id":0,"level":0},{"id":0,"level":0},{"id":0,"level":0},{"id":0,"level":0},{"id":0,"level":0},{"id":0,"level":0},{"id":0,"level":0},{"id":1,"level":45},{"id":0,"level":0},{"id":1,"level":45},{"id":0,"level":0},{"id":1,"level":45},{"id":0,"level":0},{"id":1,"level":45},{"id":0,"level":0},{"id":1,"level":45},{"id":0,"level":0},{"id":1,"level":45},{"id":0,"level":0},{"id":1,"level":45},{"id":0,"level":0},{"id":1,"level":45},{"id":0,"level":0},{"id":1,"level":45},{"id":0,"level":0},{"id":1,"level":45},{"id":0,"level":0},{"id":1,"level":45},{"id":0,"level":0},{"id":15,"level":5},{"id":0,"level":0},{"id":1,"level":45},{"id":0,"level":0},{"id":1,"level":45},{"id":0,"level":0},{"id":1,"level":45},{"id":0,"level":0},{"id":1,"level":45},{"id":0,"level":0},{"id":15,"level":5},{"id":0,"level":0},{"id":15,"level":5},{"id":0,"level":0},{"id":1,"level":45},{"id":0,"level":0},{"id":1,"level":45},{"id":0,"level":0},{"id":1,"level":45},{"id":0,"level":0},{"id":15,"level":5},{"id":0,"level":0},{"id":15,"level":5},{"id":0,"level":0},{"id":0,"level":0},{"id":0,"level":0},{"id":1,"level":45},{"id":0,"level":0},{"id":1,"level":45},{"id":0,"level":0},{"id":0,"level":0},{"id":0,"level":0},{"id":15,"level":5},{"id":0,"level":0},{"id":0,"level":0},{"id":0,"level":0},{"id":0,"level":0},{"id":0,"level":0},{"id":0,"level":0},{"id":0,"level":0},{"id":0,"level":0},{"id":0,"level":0},{"id":0,"level":0},{"id":0,"level":0},{"id":0,"level":0},{"id":0,"level":0},{"id":0,"level":0},{"id":0,"level":0},{"id":0,"level":0},{"id":0,"level":0},{"id":0,"level":0},{"id":0,"level":0},{"id":0,"level":0},{"id":0,"level":0},{"id":0,"level":0},{"id":0,"level":0},{"id":0,"level":0},{"id":14,"level":12},{"id":0,"level":0},{"id":14,"level":12},{"id":0,"level":0},{"id":14,"level":12},{"id":0,"level":0},{"id":14,"level":12},{"id":0,"level":0},{"id":0,"level":0}],"powActive":false,"powValue":3},{"id":3,"time":15.0,"enemyInfos":[{"id":0,"level":0},{"id":0,"level":0},{"id":0,"level":0},{"id":0,"level":0},{"id":0,"level":0},{"id":0,"level":0},{"id":0,"level":0},{"id":0,"level":0},{"id":0,"level":0},{"id":0,"level":0},{"id":0,"level":0},{"id":0,"level":0},{"id":0,"level":0},{"id":15,"level":5},{"id":0,"level":0},{"id":0,"level":0},{"id":0,"level":0},{"id":0,"level":0},{"id":0,"level":0},{"id":15,"level":5},{"id":0,"level":0},{"id":0,"level":0},{"id":0,"level":0},{"id":0,"level":0},{"id":0,"level":0},{"id":0,"level":0},{"id":0,"level":0},{"id":0,"level":0},{"id":0,"level":0},{"id":0,"level":0},{"id":0,"level":0},{"id":0,"level":0},{"id":0,"level":0},{"id":15,"level":5},{"id":0,"level":0},{"id":0,"level":0},{"id":0,"level":0},{"id":0,"level":0},{"id":15,"level":5},{"id":0,"level":0},{"id":0,"level":0},{"id":0,"level":0},{"id":0,"level":0},{"id":15,"level":5},{"id":0,"level":0},{"id":0,"level":0},{"id":15,"level":5},{"id":0,"level":0},{"id":0,"level":0},{"id":0,"level":0},{"id":0,"level":0},{"id":0,"level":0},{"id":15,"level":5},{"id":0,"level":0},{"id":0,"level":0},{"id":1,"level":45},{"id":0,"level":0},{"id":0,"level":0},{"id":0,"level":0},{"id":0,"level":0},{"id":1,"level":45},{"id":0,"level":0},{"id":0,"level":0},{"id":0,"level":0},{"id":0,"level":0},{"id":1,"level":45},{"id":0,"level":0},{"id":1,"level":45},{"id":0,"level":0},{"id":0,"level":0},{"id":1,"level":45},{"id":0,"level":0},{"id":1,"level":45},{"id":0,"level":0},{"id":0,"level":0},{"id":1,"level":45},{"id":0,"level":0},{"id":0,"level":0},{"id":0,"level":0},{"id":1,"level":45},{"id":0,"level":0},{"id":0,"level":0},{"id":0,"level":0},{"id":0,"level":0},{"id":0,"level":0},{"id":1,"level":45},{"id":0,"level":0},{"id":0,"level":0},{"id":0,"level":0},{"id":0,"level":0},{"id":0,"level":0},{"id":1,"level":45},{"id":0,"level":0},{"id":1,"level":45},{"id":0,"level":0},{"id":1,"level":45},{"id":0,"level":0},{"id":0,"level":0},{"id":0,"level":0},{"id":1,"level":45},{"id":0,"level":0},{"id":0,"level":0},{"id":0,"level":0},{"id":0,"level":0},{"id":0,"level":0},{"id":0,"level":0},{"id":0,"level":0},{"id":0,"level":0},{"id":0,"level":0},{"id":1,"level":45},{"id":0,"level":0},{"id":0,"level":0},{"id":1,"level":45},{"id":0,"level":0},{"id":1,"level":45},{"id":0,"level":0},{"id":1,"level":45},{"id":0,"level":0},{"id":1,"level":45},{"id":0,"level":0},{"id":0,"level":0},{"id":0,"level":0},{"id":0,"level":0},{"id":0,"level":0},{"id":0,"level":0},{"id":0,"level":0},{"id":0,"level":0},{"id":0,"level":0},{"id":0,"level":0},{"id":0,"level":0},{"id":0,"level":0},{"id":0,"level":0},{"id":0,"level":0},{"id":1,"level":45},{"id":0,"level":0},{"id":1,"level":45},{"id":0,"level":0},{"id":1,"level":45},{"id":0,"level":0},{"id":1,"level":45},{"id":0,"level":0},{"id":1,"level":45},{"id":0,"level":0}],"powActive":false,"powValue":3},{"id":4,"time":15.0,"enemyInfos":[{"id":0,"level":0},{"id":0,"level":0},{"id":0,"level":0},{"id":0,"level":0},{"id":0,"level":0},{"id":0,"level":0},{"id":0,"level":0},{"id":0,"level":0},{"id":0,"level":0},{"id":0,"level":0},{"id":0,"level":0},{"id":0,"level":0},{"id":0,"level":0},{"id":0,"level":0},{"id":0,"level":0},{"id":0,"level":0},{"id":0,"level":0},{"id":0,"level":0},{"id":0,"level":0},{"id":0,"level":0},{"id":0,"level":0},{"id":0,"level":0},{"id":0,"level":0},{"id":0,"level":0},{"id":0,"level":0},{"id":0,"level":0},{"id":0,"level":0},{"id":0,"level":0},{"id":0,"level":0},{"id":0,"level":0},{"id":0,"level":0},{"id":0,"level":0},{"id":0,"level":0},{"id":0,"level":0},{"id":0,"level":0},{"id":0,"level":0},{"id":0,"level":0},{"id":0,"level":0},{"id":0,"level":0},{"id":0,"level":0},{"id":0,"level":0},{"id":0,"level":0},{"id":0,"level":0},{"id":0,"level":0},{"id":0,"level":0},{"id":0,"level":0},{"id":0,"level":0},{"id":0,"level":0},{"id":0,"level":0},{"id":0,"level":0},{"id":0,"level":0},{"id":0,"level":0},{"id":0,"level":0},{"id":0,"level":0},{"id":0,"level":0},{"id":0,"level":0},{"id":0,"level":0},{"id":0,"level":0},{"id":0,"level":0},{"id":0,"level":0},{"id":0,"level":0},{"id":0,"level":0},{"id":0,"level":0},{"id":0,"level":0},{"id":0,"level":0},{"id":0,"level":0},{"id":0,"level":0},{"id":0,"level":0},{"id":0,"level":0},{"id":0,"level":0},{"id":0,"level":0},{"id":0,"level":0},{"id":0,"level":0},{"id":0,"level":0},{"id":0,"level":0},{"id":0,"level":0},{"id":0,"level":0},{"id":0,"level":0},{"id":0,"level":0},{"id":0,"level":0},{"id":0,"level":0},{"id":0,"level":0},{"id":0,"level":0},{"id":0,"level":0},{"id":0,"level":0},{"id":0,"level":0},{"id":0,"level":0},{"id":0,"level":0},{"id":0,"level":0},{"id":1,"level":45},{"id":1,"level":45},{"id":0,"level":0},{"id":0,"level":0},{"id":0,"level":0},{"id":0,"level":0},{"id":0,"level":0},{"id":1,"level":45},{"id":1,"level":45},{"id":0,"level":0},{"id":1,"level":45},{"id":1,"level":45},{"id":15,"level":5},{"id":0,"level":0},{"id":0,"level":0},{"id":0,"level":0},{"id":0,"level":0},{"id":0,"level":0},{"id":15,"level":5},{"id":1,"level":45},{"id":1,"level":45},{"id":0,"level":0},{"id":1,"level":45},{"id":14,"level":12},{"id":0,"level":0},{"id":14,"level":12},{"id":0,"level":0},{"id":14,"level":12},{"id":0,"level":0},{"id":14,"level":12},{"id":1,"level":45},{"id":0,"level":0},{"id":1,"level":45},{"id":1,"level":45},{"id":15,"level":5},{"id":0,"level":0},{"id":0,"level":0},{"id":0,"level":0},{"id":0,"level":0},{"id":0,"level":0},{"id":15,"level":5},{"id":1,"level":45},{"id":1,"level":45},{"id":0,"level":0},{"id":0,"level":0},{"id":0,"level":0},{"id":14,"level":12},{"id":0,"level":0},{"id":14,"level":12},{"id":0,"level":0},{"id":14,"level":12},{"id":0,"level":0},{"id":0,"level":0},{"id":0,"level":0}],"powActive":false,"powValue":3},{"id":5,"time":15.0,"enemyInfos":[{"id":0,"level":0},{"id":0,"level":0},{"id":0,"level":0},{"id":0,"level":0},{"id":0,"level":0},{"id":0,"level":0},{"id":0,"level":0},{"id":0,"level":0},{"id":0,"level":0},{"id":0,"level":0},{"id":0,"level":0},{"id":0,"level":0},{"id":0,"level":0},{"id":0,"level":0},{"id":0,"level":0},{"id":0,"level":0},{"id":0,"level":0},{"id":0,"level":0},{"id":0,"level":0},{"id":0,"level":0},{"id":0,"level":0},{"id":0,"level":0},{"id":0,"level":0},{"id":0,"level":0},{"id":0,"level":0},{"id":0,"level":0},{"id":0,"level":0},{"id":0,"level":0},{"id":0,"level":0},{"id":0,"level":0},{"id":0,"level":0},{"id":0,"level":0},{"id":0,"level":0},{"id":0,"level":0},{"id":0,"level":0},{"id":0,"level":0},{"id":0,"level":0},{"id":0,"level":0},{"id":0,"level":0},{"id":0,"level":0},{"id":0,"level":0},{"id":0,"level":0},{"id":0,"level":0},{"id":0,"level":0},{"id":0,"level":0},{"id":0,"level":0},{"id":0,"level":0},{"id":0,"level":0},{"id":0,"level":0},{"id":0,"level":0},{"id":0,"level":0},{"id":0,"level":0},{"id":0,"level":0},{"id":0,"level":0},{"id":0,"level":0},{"id":0,"level":0},{"id":0,"level":0},{"id":0,"level":0},{"id":15,"level":5},{"id":0,"level":0},{"id":0,"level":0},{"id":0,"level":0},{"id":15,"level":5},{"id":0,"level":0},{"id":0,"level":0},{"id":0,"level":0},{"id":0,"level":0},{"id":0,"level":0},{"id":0,"level":0},{"id":0,"level":0},{"id":0,"level":0},{"id":15,"level":5},{"id":0,"level":0},{"id":0,"level":0},{"id":0,"level":0},{"id":0,"level":0},{"id":0,"level":0},{"id":0,"level":0},{"id":0,"level":0},{"id":0,"level":0},{"id":1,"level":45},{"id":1,"level":45},{"id":0,"level":0},{"id":1,"level":45},{"id":1,"level":45},{"id":0,"level":0},{"id":0,"level":0},{"id":0,"level":0},{"id":0,"level":0},{"id":0,"level":0},{"id":0,"level":0},{"id":0,"level":0},{"id":1,"level":45},{"id":1,"level":45},{"id":1,"level":45},{"id":0,"level":0},{"id":0,"level":0},{"id":0,"level":0},{"id":0,"level":0},{"id":0,"level":0},{"id":1,"level":45},{"id":1,"level":45},{"id":0,"level":0},{"id":0,"level":0},{"id":1,"level":45},{"id":0,"level":0},{"id":0,"level":0},{"id":1,"level":45},{"id":1,"level":45},{"id":0,"level":0},{"id":1,"level":45},{"id":0,"level":0},{"id":1,"level":45},{"id":15,"level":5},{"id":0,"level":0},{"id":0,"level":0},{"id":0,"level":0},{"id":15,"level":5},{"id":1,"level":45},{"id":0,"level":0},{"id":1,"level":45},{"id":0,"level":0},{"id":14,"level":12},{"id":0,"level":0},{"id":0,"level":0},{"id":0,"level":0},{"id":0,"level":0},{"id":0,"level":0},{"id":0,"level":0},{"id":0,"level":0},{"id":14,"level":12},{"id":0,"level":0},{"id":14,"level":12},{"id":0,"level":0},{"id":14,"level":12},{"id":0,"level":0},{"id":0,"level":0},{"id":15,"level":5},{"id":0,"level":0},{"id":0,"level":0},{"id":14,"level":12},{"id":0,"level":0},{"id":14,"level":12}],"powActive":false,"powValue":3},{"id":6,"time":15.0,"enemyInfos":[{"id":0,"level":0},{"id":0,"level":0},{"id":0,"level":0},{"id":0,"level":0},{"id":0,"level":0},{"id":0,"level":0},{"id":0,"level":0},{"id":0,"level":0},{"id":0,"level":0},{"id":0,"level":0},{"id":0,"level":0},{"id":0,"level":0},{"id":0,"level":0},{"id":0,"level":0},{"id":0,"level":0},{"id":0,"level":0},{"id":0,"level":0},{"id":0,"level":0},{"id":0,"level":0},{"id":0,"level":0},{"id":0,"level":0},{"id":0,"level":0},{"id":0,"level":0},{"id":0,"level":0},{"id":0,"level":0},{"id":0,"level":0},{"id":0,"level":0},{"id":0,"level":0},{"id":0,"level":0},{"id":0,"level":0},{"id":0,"level":0},{"id":0,"level":0},{"id":0,"level":0},{"id":0,"level":0},{"id":0,"level":0},{"id":0,"level":0},{"id":0,"level":0},{"id":0,"level":0},{"id":0,"level":0},{"id":0,"level":0},{"id":0,"level":0},{"id":0,"level":0},{"id":0,"level":0},{"id":0,"level":0},{"id":0,"level":0},{"id":0,"level":0},{"id":0,"level":0},{"id":0,"level":0},{"id":0,"level":0},{"id":0,"level":0},{"id":0,"level":0},{"id":0,"level":0},{"id":0,"level":0},{"id":0,"level":0},{"id":0,"level":0},{"id":0,"level":0},{"id":0,"level":0},{"id":0,"level":0},{"id":0,"level":0},{"id":0,"level":0},{"id":0,"level":0},{"id":0,"level":0},{"id":0,"level":0},{"id":0,"level":0},{"id":0,"level":0},{"id":0,"level":0},{"id":0,"level":0},{"id":0,"level":0},{"id":0,"level":0},{"id":0,"level":0},{"id":0,"level":0},{"id":0,"level":0},{"id":0,"level":0},{"id":0,"level":0},{"id":0,"level":0},{"id":0,"level":0},{"id":0,"level":0},{"id":0,"level":0},{"id":0,"level":0},{"id":0,"level":0},{"id":0,"level":0},{"id":0,"level":0},{"id":0,"level":0},{"id":0,"level":0},{"id":0,"level":0},{"id":0,"level":0},{"id":0,"level":0},{"id":0,"level":0},{"id":0,"level":0},{"id":1,"level":45},{"id":0,"level":0},{"id":14,"level":12},{"id":0,"level":0},{"id":15,"level":5},{"id":0,"level":0},{"id":1,"level":45},{"id":0,"level":0},{"id":14,"level":12},{"id":0,"level":0},{"id":0,"level":0},{"id":1,"level":45},{"id":0,"level":0},{"id":14,"level":12},{"id":0,"level":0},{"id":0,"level":0},{"id":0,"level":0},{"id":1,"level":45},{"id":0,"level":0},{"id":14,"level":12},{"id":0,"level":0},{"id":0,"level":0},{"id":1,"level":45},{"id":0,"level":0},{"id":14,"level":12},{"id":0,"level":0},{"id":15,"level":5},{"id":0,"level":0},{"id":1,"level":45},{"id":0,"level":0},{"id":14,"level":12},{"id":0,"level":0},{"id":0,"level":0},{"id":0,"level":0},{"id":0,"level":0},{"id":14,"level":12},{"id":0,"level":0},{"id":0,"level":0},{"id":0,"level":0},{"id":1,"level":45},{"id":0,"level":0},{"id":0,"level":0},{"id":0,"level":0},{"id":0,"level":0},{"id":0,"level":0},{"id":0,"level":0},{"id":14,"level":12},{"id":0,"level":0},{"id":15,"level":5},{"id":0,"level":0},{"id":1,"level":45},{"id":0,"level":0},{"id":0,"level":0},{"id":0,"level":0}],"powActive":false,"powValue":3},{"id":7,"time":15.0,"enemyInfos":[{"id":0,"level":0},{"id":0,"level":0},{"id":0,"level":0},{"id":0,"level":0},{"id":0,"level":0},{"id":0,"level":0},{"id":0,"level":0},{"id":0,"level":0},{"id":0,"level":0},{"id":0,"level":0},{"id":0,"level":0},{"id":0,"level":0},{"id":0,"level":0},{"id":0,"level":0},{"id":0,"level":0},{"id":0,"level":0},{"id":0,"level":0},{"id":0,"level":0},{"id":0,"level":0},{"id":0,"level":0},{"id":0,"level":0},{"id":0,"level":0},{"id":0,"level":0},{"id":0,"level":0},{"id":0,"level":0},{"id":0,"level":0},{"id":0,"level":0},{"id":0,"level":0},{"id":0,"level":0},{"id":0,"level":0},{"id":0,"level":0},{"id":0,"level":0},{"id":0,"level":0},{"id":0,"level":0},{"id":0,"level":0},{"id":0,"level":0},{"id":0,"level":0},{"id":0,"level":0},{"id":0,"level":0},{"id":0,"level":0},{"id":0,"level":0},{"id":0,"level":0},{"id":0,"level":0},{"id":0,"level":0},{"id":14,"level":12},{"id":0,"level":0},{"id":14,"level":12},{"id":0,"level":0},{"id":0,"level":0},{"id":0,"level":0},{"id":0,"level":0},{"id":0,"level":0},{"id":14,"level":12},{"id":0,"level":0},{"id":14,"level":12},{"id":14,"level":12},{"id":14,"level":12},{"id":14,"level":12},{"id":0,"level":0},{"id":0,"level":0},{"id":0,"level":0},{"id":0,"level":0},{"id":0,"level":0},{"id":14,"level":12},{"id":14,"level":12},{"id":14,"level":12},{"id":0,"level":0},{"id":0,"level":0},{"id":0,"level":0},{"id":15,"level":5},{"id":0,"level":0},{"id":0,"level":0},{"id":0,"level":0},{"id":15,"level":5},{"id":0,"level":0},{"id":0,"level":0},{"id":0,"level":0},{"id":0,"level":0},{"id":0,"level":0},{"id":0,"level":0},{"id":0,"level":0},{"id":0,"level":0},{"id":0,"level":0},{"id":0,"level":0},{"id":0,"level":0},{"id":0,"level":0},{"id":0,"level":0},{"id":0,"level":0},{"id":0,"level":0},{"id":0,"level":0},{"id":0,"level":0},{"id":15,"level":5},{"id":0,"level":0},{"id":0,"level":0},{"id":0,"level":0},{"id":15,"level":5},{"id":0,"level":0},{"id":0,"level":0},{"id":0,"level":0},{"id":0,"level":0},{"id":1,"level":45},{"id":0,"level":0},{"id":0,"level":0},{"id":1,"level":45},{"id":0,"level":0},{"id":1,"level":45},{"id":0,"level":0},{"id":0,"level":0},{"id":1,"level":45},{"id":0,"level":0},{"id":0,"level":0},{"id":1,"level":45},{"id":1,"level":45},{"id":0,"level":0},{"id":0,"level":0},{"id":1,"level":45},{"id":0,"level":0},{"id":0,"level":0},{"id":1,"level":45},{"id":1,"level":45},{"id":0,"level":0},{"id":0,"level":0},{"id":0,"level":0},{"id":1,"level":45},{"id":0,"level":0},{"id":0,"level":0},{"id":1,"level":45},{"id":0,"level":0},{"id":0,"level":0},{"id":1,"level":45},{"id":0,"level":0},{"id":0,"level":0},{"id":0,"level":0},{"id":1,"level":45},{"id":1,"level":45},{"id":0,"level":0},{"id":1,"level":45},{"id":0,"level":0},{"id":1,"level":45},{"id":0,"level":0},{"id":1,"level":45},{"id":1,"level":45},{"id":0,"level":0}],"powActive":false,"powValue":3},{"id":8,"time":15.0,"enemyInfos":[{"id":0,"level":0},{"id":0,"level":0},{"id":0,"level":0},{"id":0,"level":0},{"id":0,"level":0},{"id":0,"level":0},{"id":0,"level":0},{"id":0,"level":0},{"id":0,"level":0},{"id":0,"level":0},{"id":0,"level":0},{"id":0,"level":0},{"id":0,"level":0},{"id":0,"level":0},{"id":0,"level":0},{"id":0,"level":0},{"id":0,"level":0},{"id":0,"level":0},{"id":0,"level":0},{"id":0,"level":0},{"id":0,"level":0},{"id":0,"level":0},{"id":0,"level":0},{"id":0,"level":0},{"id":0,"level":0},{"id":0,"level":0},{"id":0,"level":0},{"id":0,"level":0},{"id":0,"level":0},{"id":0,"level":0},{"id":0,"level":0},{"id":0,"level":0},{"id":0,"level":0},{"id":0,"level":0},{"id":0,"level":0},{"id":0,"level":0},{"id":0,"level":0},{"id":0,"level":0},{"id":0,"level":0},{"id":0,"level":0},{"id":0,"level":0},{"id":0,"level":0},{"id":0,"level":0},{"id":0,"level":0},{"id":0,"level":0},{"id":0,"level":0},{"id":0,"level":0},{"id":0,"level":0},{"id":0,"level":0},{"id":0,"level":0},{"id":0,"level":0},{"id":0,"level":0},{"id":0,"level":0},{"id":0,"level":0},{"id":0,"level":0},{"id":0,"level":0},{"id":0,"level":0},{"id":0,"level":0},{"id":0,"level":0},{"id":0,"level":0},{"id":0,"level":0},{"id":0,"level":0},{"id":0,"level":0},{"id":0,"level":0},{"id":0,"level":0},{"id":0,"level":0},{"id":0,"level":0},{"id":0,"level":0},{"id":0,"level":0},{"id":0,"level":0},{"id":0,"level":0},{"id":0,"level":0},{"id":0,"level":0},{"id":0,"level":0},{"id":0,"level":0},{"id":0,"level":0},{"id":0,"level":0},{"id":0,"level":0},{"id":0,"level":0},{"id":15,"level":5},{"id":0,"level":0},{"id":15,"level":5},{"id":0,"level":0},{"id":15,"level":5},{"id":0,"level":0},{"id":15,"level":5},{"id":0,"level":0},{"id":0,"level":0},{"id":0,"level":0},{"id":1,"level":45},{"id":0,"level":0},{"id":1,"level":45},{"id":0,"level":0},{"id":1,"level":45},{"id":0,"level":0},{"id":1,"level":45},{"id":0,"level":0},{"id":1,"level":45},{"id":0,"level":0},{"id":1,"level":45},{"id":0,"level":0},{"id":1,"level":45},{"id":0,"level":0},{"id":1,"level":45},{"id":0,"level":0},{"id":1,"level":45},{"id":0,"level":0},{"id":1,"level":45},{"id":0,"level":0},{"id":1,"level":45},{"id":0,"level":0},{"id":1,"level":45},{"id":0,"level":0},{"id":1,"level":45},{"id":0,"level":0},{"id":1,"level":45},{"id":0,"level":0},{"id":1,"level":45},{"id":0,"level":0},{"id":1,"level":45},{"id":0,"level":0},{"id":0,"level":0},{"id":0,"level":0},{"id":14,"level":12},{"id":0,"level":0},{"id":14,"level":12},{"id":0,"level":0},{"id":14,"level":12},{"id":0,"level":0},{"id":14,"level":12},{"id":0,"level":0},{"id":0,"level":0},{"id":0,"level":0},{"id":14,"level":12},{"id":0,"level":0},{"id":14,"level":12},{"id":0,"level":0},{"id":14,"level":12},{"id":0,"level":0},{"id":14,"level":12},{"id":0,"level":0},{"id":14,"level":12},{"id":0,"level":0}],"powActive":false,"powValue":3},{"id":9,"time":15.0,"enemyInfos":[{"id":0,"level":0},{"id":0,"level":0},{"id":0,"level":0},{"id":0,"level":0},{"id":0,"level":0},{"id":0,"level":0},{"id":0,"level":0},{"id":0,"level":0},{"id":0,"level":0},{"id":0,"level":0},{"id":0,"level":0},{"id":0,"level":0},{"id":0,"level":0},{"id":0,"level":0},{"id":0,"level":0},{"id":0,"level":0},{"id":0,"level":0},{"id":0,"level":0},{"id":0,"level":0},{"id":0,"level":0},{"id":0,"level":0},{"id":0,"level":0},{"id":0,"level":0},{"id":0,"level":0},{"id":0,"level":0},{"id":0,"level":0},{"id":0,"level":0},{"id":0,"level":0},{"id":0,"level":0},{"id":0,"level":0},{"id":0,"level":0},{"id":0,"level":0},{"id":0,"level":0},{"id":0,"level":0},{"id":0,"level":0},{"id":1,"level":45},{"id":0,"level":0},{"id":1,"level":45},{"id":0,"level":0},{"id":1,"level":45},{"id":0,"level":0},{"id":1,"level":45},{"id":0,"level":0},{"id":0,"level":0},{"id":0,"level":0},{"id":0,"level":0},{"id":0,"level":0},{"id":0,"level":0},{"id":0,"level":0},{"id":0,"level":0},{"id":0,"level":0},{"id":0,"level":0},{"id":0,"level":0},{"id":0,"level":0},{"id":0,"level":0},{"id":0,"level":0},{"id":14,"level":12},{"id":0,"level":0},{"id":14,"level":12},{"id":0,"level":0},{"id":14,"level":12},{"id":0,"level":0},{"id":14,"level":12},{"id":0,"level":0},{"id":14,"level":12},{"id":0,"level":0},{"id":0,"level":0},{"id":0,"level":0},{"id":0,"level":0},{"id":0,"level":0},{"id":0,"level":0},{"id":0,"level":0},{"id":0,"level":0},{"id":0,"level":0},{"id":0,"level":0},{"id":0,"level":0},{"id":0,"level":0},{"id":0,"level":0},{"id":0,"level":0},{"id":15,"level":5},{"id":0,"level":0},{"id":15,"level":5},{"id":0,"level":0},{"id":15,"level":5},{"id":0,"level":0},{"id":15,"level":5},{"id":0,"level":0},{"id":0,"level":0},{"id":0,"level":0},{"id":0,"level":0},{"id":0,"level":0},{"id":0,"level":0},{"id":0,"level":0},{"id":0,"level":0},{"id":0,"level":0},{"id":0,"level":0},{"id":0,"level":0},{"id":0,"level":0},{"id":0,"level":0},{"id":0,"level":0},{"id":14,"level":12},{"id":0,"level":0},{"id":14,"level":12},{"id":0,"level":0},{"id":14,"level":12},{"id":0,"level":0},{"id":14,"level":12},{"id":0,"level":0},{"id":14,"level":12},{"id":0,"level":0},{"id":0,"level":0},{"id":0,"level":0},{"id":1,"level":45},{"id":0,"level":0},{"id":1,"level":45},{"id":0,"level":0},{"id":1,"level":45},{"id":0,"level":0},{"id":1,"level":45},{"id":0,"level":0},{"id":0,"level":0},{"id":0,"level":0},{"id":0,"level":0},{"id":1,"level":45},{"id":0,"level":0},{"id":1,"level":45},{"id":0,"level":0},{"id":1,"level":45},{"id":0,"level":0},{"id":1,"level":45},{"id":0,"level":0},{"id":0,"level":0},{"id":0,"level":0},{"id":14,"level":12},{"id":0,"level":0},{"id":14,"level":12},{"id":0,"level":0},{"id":14,"level":12},{"id":0,"level":0},{"id":14,"level":12},{"id":0,"level":0},{"id":14,"level":12},{"id":0,"level":0}],"powActive":false,"powValue":3},{"id":10,"time":15.0,"enemyInfos":[{"id":0,"level":0},{"id":0,"level":0},{"id":0,"level":0},{"id":0,"level":0},{"id":0,"level":0},{"id":0,"level":0},{"id":0,"level":0},{"id":0,"level":0},{"id":0,"level":0},{"id":0,"level":0},{"id":0,"level":0},{"id":0,"level":0},{"id":0,"level":0},{"id":0,"level":0},{"id":0,"level":0},{"id":0,"level":0},{"id":0,"level":0},{"id":0,"level":0},{"id":0,"level":0},{"id":0,"level":0},{"id":0,"level":0},{"id":0,"level":0},{"id":0,"level":0},{"id":0,"level":0},{"id":0,"level":0},{"id":0,"level":0},{"id":0,"level":0},{"id":0,"level":0},{"id":0,"level":0},{"id":0,"level":0},{"id":0,"level":0},{"id":0,"level":0},{"id":0,"level":0},{"id":0,"level":0},{"id":0,"level":0},{"id":0,"level":0},{"id":0,"level":0},{"id":0,"level":0},{"id":0,"level":0},{"id":0,"level":0},{"id":0,"level":0},{"id":0,"level":0},{"id":0,"level":0},{"id":0,"level":0},{"id":0,"level":0},{"id":0,"level":0},{"id":15,"level":5},{"id":0,"level":0},{"id":0,"level":0},{"id":0,"level":0},{"id":0,"level":0},{"id":0,"level":0},{"id":15,"level":5},{"id":0,"level":0},{"id":0,"level":0},{"id":0,"level":0},{"id":0,"level":0},{"id":0,"level":0},{"id":15,"level":5},{"id":0,"level":0},{"id":0,"level":0},{"id":0,"level":0},{"id":15,"level":5},{"id":0,"level":0},{"id":0,"level":0},{"id":0,"level":0},{"id":0,"level":0},{"id":0,"level":0},{"id":0,"level":0},{"id":0,"level":0},{"id":15,"level":5},{"id":15,"level":5},{"id":15,"level":5},{"id":0,"level":0},{"id":0,"level":0},{"id":0,"level":0},{"id":0,"level":0},{"id":0,"level":0},{"id":0,"level":0},{"id":0,"level":0},{"id":0,"level":0},{"id":1,"level":45},{"id":1,"level":45},{"id":1,"level":45},{"id":0,"level":0},{"id":0,"level":0},{"id":0,"level":0},{"id":0,"level":0},{"id":0,"level":0},{"id":0,"level":0},{"id":15,"level":5},{"id":0,"level":0},{"id":0,"level":0},{"id":0,"level":0},{"id":0,"level":0},{"id":0,"level":0},{"id":15,"level":5},{"id":0,"level":0},{"id":0,"level":0},{"id":0,"level":0},{"id":1,"level":45},{"id":1,"level":45},{"id":1,"level":45},{"id":0,"level":0},{"id":0,"level":0},{"id":0,"level":0},{"id":1,"level":45},{"id":1,"level":45},{"id":1,"level":45},{"id":0,"level":0},{"id":0,"level":0},{"id":0,"level":0},{"id":0,"level":0},{"id":0,"level":0},{"id":0,"level":0},{"id":0,"level":0},{"id":0,"level":0},{"id":0,"level":0},{"id":0,"level":0},{"id":0,"level":0},{"id":0,"level":0},{"id":14,"level":12},{"id":0,"level":0},{"id":14,"level":12},{"id":0,"level":0},{"id":14,"level":12},{"id":0,"level":0},{"id":14,"level":12},{"id":0,"level":0},{"id":14,"level":12},{"id":0,"level":0},{"id":14,"level":12},{"id":14,"level":12},{"id":0,"level":0},{"id":14,"level":12},{"id":0,"level":0},{"id":14,"level":12},{"id":0,"level":0},{"id":14,"level":12},{"id":0,"level":0},{"id":14,"level":12},{"id":0,"level":0},{"id":14,"level":12}],"powActive":false,"powValue":3}],"enemyInfos":[{"id":14,"level":12},{"id":1,"level":45},{"id":15,"level":5}]}