{"id":4007,"waveNumber":10,"hpx":3.0,"damx":1.0,"coinBonus":20000,"userEXPBonus":750,"heroEXPBonus":25000,"gemBonus":5,"gearBonus":0,"coinAFK":1089,"userEXPAFK":47,"heroEXPAFK":990,"gemAFK":2,"gearAFK":10,"rateGearAFK":50,"coinBoss":0,"userEXPBoss":0,"heroEXPBoss":0,"gemBoss":0,"gearBoss":0,"powerFragmentBoss":0,"powerCrystalBoss":0,"powerDevineBoss":0,"waveInfos":[{"id":1,"time":10.0,"enemyInfos":[{"id":0,"level":0},{"id":0,"level":0},{"id":0,"level":0},{"id":0,"level":0},{"id":0,"level":0},{"id":0,"level":0},{"id":0,"level":0},{"id":0,"level":0},{"id":0,"level":0},{"id":0,"level":0},{"id":0,"level":0},{"id":0,"level":0},{"id":0,"level":0},{"id":0,"level":0},{"id":0,"level":0},{"id":0,"level":0},{"id":0,"level":0},{"id":0,"level":0},{"id":0,"level":0},{"id":0,"level":0},{"id":0,"level":0},{"id":0,"level":0},{"id":0,"level":0},{"id":0,"level":0},{"id":0,"level":0},{"id":0,"level":0},{"id":0,"level":0},{"id":0,"level":0},{"id":0,"level":0},{"id":0,"level":0},{"id":0,"level":0},{"id":0,"level":0},{"id":0,"level":0},{"id":0,"level":0},{"id":0,"level":0},{"id":0,"level":0},{"id":0,"level":0},{"id":0,"level":0},{"id":0,"level":0},{"id":0,"level":0},{"id":0,"level":0},{"id":0,"level":0},{"id":0,"level":0},{"id":0,"level":0},{"id":0,"level":0},{"id":0,"level":0},{"id":0,"level":0},{"id":0,"level":0},{"id":0,"level":0},{"id":4,"level":15},{"id":0,"level":0},{"id":0,"level":0},{"id":0,"level":0},{"id":0,"level":0},{"id":0,"level":0},{"id":0,"level":0},{"id":0,"level":0},{"id":0,"level":0},{"id":0,"level":0},{"id":4,"level":15},{"id":0,"level":0},{"id":4,"level":15},{"id":0,"level":0},{"id":0,"level":0},{"id":0,"level":0},{"id":0,"level":0},{"id":0,"level":0},{"id":0,"level":0},{"id":0,"level":0},{"id":4,"level":15},{"id":0,"level":0},{"id":0,"level":0},{"id":0,"level":0},{"id":4,"level":15},{"id":0,"level":0},{"id":0,"level":0},{"id":0,"level":0},{"id":0,"level":0},{"id":0,"level":0},{"id":4,"level":15},{"id":0,"level":0},{"id":0,"level":0},{"id":0,"level":0},{"id":0,"level":0},{"id":0,"level":0},{"id":4,"level":15},{"id":0,"level":0},{"id":0,"level":0},{"id":0,"level":0},{"id":4,"level":15},{"id":0,"level":0},{"id":0,"level":0},{"id":0,"level":0},{"id":4,"level":15},{"id":0,"level":0},{"id":0,"level":0},{"id":0,"level":0},{"id":4,"level":15},{"id":0,"level":0},{"id":4,"level":15},{"id":0,"level":0},{"id":0,"level":0},{"id":0,"level":0},{"id":4,"level":15},{"id":0,"level":0},{"id":4,"level":15},{"id":0,"level":0},{"id":0,"level":0},{"id":0,"level":0},{"id":4,"level":15},{"id":0,"level":0},{"id":0,"level":0},{"id":0,"level":0},{"id":4,"level":15},{"id":0,"level":0},{"id":0,"level":0},{"id":0,"level":0},{"id":4,"level":15},{"id":0,"level":0},{"id":0,"level":0},{"id":0,"level":0},{"id":0,"level":0},{"id":0,"level":0},{"id":4,"level":15},{"id":0,"level":0},{"id":0,"level":0},{"id":4,"level":15},{"id":0,"level":0},{"id":0,"level":0},{"id":4,"level":15},{"id":0,"level":0},{"id":0,"level":0},{"id":0,"level":0},{"id":4,"level":15},{"id":0,"level":0},{"id":0,"level":0},{"id":4,"level":15},{"id":0,"level":0},{"id":4,"level":15},{"id":0,"level":0},{"id":0,"level":0},{"id":4,"level":15},{"id":0,"level":0}],"powActive":false,"powValue":3},{"id":2,"time":15.0,"enemyInfos":[{"id":0,"level":0},{"id":0,"level":0},{"id":0,"level":0},{"id":0,"level":0},{"id":0,"level":0},{"id":0,"level":0},{"id":0,"level":0},{"id":0,"level":0},{"id":0,"level":0},{"id":0,"level":0},{"id":0,"level":0},{"id":0,"level":0},{"id":0,"level":0},{"id":0,"level":0},{"id":0,"level":0},{"id":0,"level":0},{"id":0,"level":0},{"id":0,"level":0},{"id":0,"level":0},{"id":0,"level":0},{"id":0,"level":0},{"id":0,"level":0},{"id":0,"level":0},{"id":0,"level":0},{"id":0,"level":0},{"id":0,"level":0},{"id":0,"level":0},{"id":0,"level":0},{"id":0,"level":0},{"id":0,"level":0},{"id":0,"level":0},{"id":0,"level":0},{"id":0,"level":0},{"id":0,"level":0},{"id":0,"level":0},{"id":0,"level":0},{"id":0,"level":0},{"id":0,"level":0},{"id":0,"level":0},{"id":0,"level":0},{"id":0,"level":0},{"id":0,"level":0},{"id":0,"level":0},{"id":0,"level":0},{"id":0,"level":0},{"id":0,"level":0},{"id":0,"level":0},{"id":0,"level":0},{"id":0,"level":0},{"id":0,"level":0},{"id":0,"level":0},{"id":0,"level":0},{"id":0,"level":0},{"id":0,"level":0},{"id":0,"level":0},{"id":0,"level":0},{"id":0,"level":0},{"id":0,"level":0},{"id":0,"level":0},{"id":0,"level":0},{"id":0,"level":0},{"id":0,"level":0},{"id":0,"level":0},{"id":0,"level":0},{"id":0,"level":0},{"id":0,"level":0},{"id":0,"level":0},{"id":0,"level":0},{"id":0,"level":0},{"id":0,"level":0},{"id":0,"level":0},{"id":0,"level":0},{"id":0,"level":0},{"id":0,"level":0},{"id":0,"level":0},{"id":11,"level":5},{"id":0,"level":0},{"id":0,"level":0},{"id":11,"level":5},{"id":0,"level":0},{"id":0,"level":0},{"id":0,"level":0},{"id":0,"level":0},{"id":0,"level":0},{"id":0,"level":0},{"id":0,"level":0},{"id":0,"level":0},{"id":0,"level":0},{"id":0,"level":0},{"id":0,"level":0},{"id":0,"level":0},{"id":11,"level":5},{"id":0,"level":0},{"id":0,"level":0},{"id":0,"level":0},{"id":0,"level":0},{"id":0,"level":0},{"id":4,"level":15},{"id":0,"level":0},{"id":0,"level":0},{"id":4,"level":15},{"id":0,"level":0},{"id":0,"level":0},{"id":0,"level":0},{"id":0,"level":0},{"id":0,"level":0},{"id":11,"level":5},{"id":0,"level":0},{"id":4,"level":15},{"id":0,"level":0},{"id":0,"level":0},{"id":4,"level":15},{"id":0,"level":0},{"id":4,"level":15},{"id":0,"level":0},{"id":11,"level":5},{"id":0,"level":0},{"id":0,"level":0},{"id":0,"level":0},{"id":0,"level":0},{"id":0,"level":0},{"id":0,"level":0},{"id":0,"level":0},{"id":0,"level":0},{"id":4,"level":15},{"id":0,"level":0},{"id":0,"level":0},{"id":0,"level":0},{"id":4,"level":15},{"id":0,"level":0},{"id":0,"level":0},{"id":0,"level":0},{"id":0,"level":0},{"id":0,"level":0},{"id":0,"level":0},{"id":0,"level":0},{"id":0,"level":0},{"id":4,"level":15},{"id":0,"level":0},{"id":4,"level":15},{"id":0,"level":0},{"id":0,"level":0},{"id":0,"level":0}],"powActive":false,"powValue":3},{"id":3,"time":15.0,"enemyInfos":[{"id":0,"level":0},{"id":0,"level":0},{"id":0,"level":0},{"id":0,"level":0},{"id":0,"level":0},{"id":0,"level":0},{"id":0,"level":0},{"id":0,"level":0},{"id":0,"level":0},{"id":0,"level":0},{"id":0,"level":0},{"id":0,"level":0},{"id":0,"level":0},{"id":0,"level":0},{"id":0,"level":0},{"id":0,"level":0},{"id":0,"level":0},{"id":0,"level":0},{"id":0,"level":0},{"id":0,"level":0},{"id":0,"level":0},{"id":0,"level":0},{"id":0,"level":0},{"id":0,"level":0},{"id":0,"level":0},{"id":0,"level":0},{"id":0,"level":0},{"id":0,"level":0},{"id":0,"level":0},{"id":0,"level":0},{"id":0,"level":0},{"id":0,"level":0},{"id":0,"level":0},{"id":0,"level":0},{"id":0,"level":0},{"id":0,"level":0},{"id":0,"level":0},{"id":0,"level":0},{"id":0,"level":0},{"id":0,"level":0},{"id":0,"level":0},{"id":0,"level":0},{"id":0,"level":0},{"id":0,"level":0},{"id":0,"level":0},{"id":0,"level":0},{"id":0,"level":0},{"id":0,"level":0},{"id":0,"level":0},{"id":0,"level":0},{"id":0,"level":0},{"id":0,"level":0},{"id":0,"level":0},{"id":0,"level":0},{"id":0,"level":0},{"id":0,"level":0},{"id":0,"level":0},{"id":0,"level":0},{"id":0,"level":0},{"id":0,"level":0},{"id":0,"level":0},{"id":0,"level":0},{"id":0,"level":0},{"id":0,"level":0},{"id":0,"level":0},{"id":0,"level":0},{"id":0,"level":0},{"id":0,"level":0},{"id":0,"level":0},{"id":0,"level":0},{"id":0,"level":0},{"id":0,"level":0},{"id":0,"level":0},{"id":0,"level":0},{"id":0,"level":0},{"id":0,"level":0},{"id":0,"level":0},{"id":4,"level":15},{"id":4,"level":15},{"id":4,"level":15},{"id":0,"level":0},{"id":0,"level":0},{"id":0,"level":0},{"id":0,"level":0},{"id":0,"level":0},{"id":0,"level":0},{"id":0,"level":0},{"id":11,"level":5},{"id":0,"level":0},{"id":4,"level":15},{"id":4,"level":15},{"id":4,"level":15},{"id":0,"level":0},{"id":0,"level":0},{"id":0,"level":0},{"id":0,"level":0},{"id":0,"level":0},{"id":11,"level":5},{"id":4,"level":15},{"id":0,"level":0},{"id":0,"level":0},{"id":4,"level":15},{"id":4,"level":15},{"id":4,"level":15},{"id":0,"level":0},{"id":0,"level":0},{"id":0,"level":0},{"id":11,"level":5},{"id":4,"level":15},{"id":0,"level":0},{"id":0,"level":0},{"id":0,"level":0},{"id":0,"level":0},{"id":4,"level":15},{"id":4,"level":15},{"id":4,"level":15},{"id":0,"level":0},{"id":11,"level":5},{"id":4,"level":15},{"id":0,"level":0},{"id":0,"level":0},{"id":0,"level":0},{"id":0,"level":0},{"id":0,"level":0},{"id":0,"level":0},{"id":0,"level":0},{"id":0,"level":0},{"id":0,"level":0},{"id":4,"level":15},{"id":0,"level":0},{"id":0,"level":0},{"id":0,"level":0},{"id":0,"level":0},{"id":0,"level":0},{"id":0,"level":0},{"id":0,"level":0},{"id":0,"level":0},{"id":0,"level":0},{"id":0,"level":0},{"id":0,"level":0},{"id":0,"level":0},{"id":0,"level":0},{"id":0,"level":0}],"powActive":false,"powValue":3},{"id":4,"time":15.0,"enemyInfos":[{"id":0,"level":0},{"id":0,"level":0},{"id":0,"level":0},{"id":0,"level":0},{"id":0,"level":0},{"id":0,"level":0},{"id":0,"level":0},{"id":0,"level":0},{"id":0,"level":0},{"id":0,"level":0},{"id":0,"level":0},{"id":0,"level":0},{"id":0,"level":0},{"id":0,"level":0},{"id":0,"level":0},{"id":0,"level":0},{"id":0,"level":0},{"id":0,"level":0},{"id":0,"level":0},{"id":0,"level":0},{"id":0,"level":0},{"id":0,"level":0},{"id":0,"level":0},{"id":0,"level":0},{"id":0,"level":0},{"id":0,"level":0},{"id":0,"level":0},{"id":0,"level":0},{"id":0,"level":0},{"id":0,"level":0},{"id":0,"level":0},{"id":0,"level":0},{"id":0,"level":0},{"id":0,"level":0},{"id":0,"level":0},{"id":0,"level":0},{"id":0,"level":0},{"id":0,"level":0},{"id":0,"level":0},{"id":0,"level":0},{"id":0,"level":0},{"id":0,"level":0},{"id":0,"level":0},{"id":0,"level":0},{"id":0,"level":0},{"id":0,"level":0},{"id":0,"level":0},{"id":0,"level":0},{"id":0,"level":0},{"id":0,"level":0},{"id":0,"level":0},{"id":0,"level":0},{"id":0,"level":0},{"id":0,"level":0},{"id":0,"level":0},{"id":0,"level":0},{"id":0,"level":0},{"id":0,"level":0},{"id":0,"level":0},{"id":0,"level":0},{"id":0,"level":0},{"id":0,"level":0},{"id":0,"level":0},{"id":0,"level":0},{"id":0,"level":0},{"id":0,"level":0},{"id":0,"level":0},{"id":0,"level":0},{"id":0,"level":0},{"id":0,"level":0},{"id":0,"level":0},{"id":0,"level":0},{"id":0,"level":0},{"id":0,"level":0},{"id":0,"level":0},{"id":0,"level":0},{"id":0,"level":0},{"id":11,"level":5},{"id":0,"level":0},{"id":0,"level":0},{"id":0,"level":0},{"id":0,"level":0},{"id":0,"level":0},{"id":0,"level":0},{"id":0,"level":0},{"id":4,"level":15},{"id":4,"level":15},{"id":4,"level":15},{"id":4,"level":15},{"id":11,"level":5},{"id":0,"level":0},{"id":0,"level":0},{"id":0,"level":0},{"id":0,"level":0},{"id":0,"level":0},{"id":4,"level":15},{"id":4,"level":15},{"id":4,"level":15},{"id":0,"level":0},{"id":0,"level":0},{"id":4,"level":15},{"id":11,"level":5},{"id":0,"level":0},{"id":0,"level":0},{"id":0,"level":0},{"id":4,"level":15},{"id":4,"level":15},{"id":4,"level":15},{"id":0,"level":0},{"id":0,"level":0},{"id":0,"level":0},{"id":0,"level":0},{"id":4,"level":15},{"id":11,"level":5},{"id":0,"level":0},{"id":4,"level":15},{"id":4,"level":15},{"id":4,"level":15},{"id":0,"level":0},{"id":0,"level":0},{"id":0,"level":0},{"id":0,"level":0},{"id":0,"level":0},{"id":0,"level":0},{"id":4,"level":15},{"id":0,"level":0},{"id":0,"level":0},{"id":0,"level":0},{"id":0,"level":0},{"id":0,"level":0},{"id":0,"level":0},{"id":0,"level":0},{"id":0,"level":0},{"id":0,"level":0},{"id":0,"level":0},{"id":0,"level":0},{"id":0,"level":0},{"id":0,"level":0},{"id":0,"level":0},{"id":0,"level":0},{"id":0,"level":0},{"id":0,"level":0},{"id":0,"level":0}],"powActive":false,"powValue":3},{"id":5,"time":15.0,"enemyInfos":[{"id":0,"level":0},{"id":0,"level":0},{"id":0,"level":0},{"id":0,"level":0},{"id":0,"level":0},{"id":0,"level":0},{"id":0,"level":0},{"id":0,"level":0},{"id":0,"level":0},{"id":0,"level":0},{"id":0,"level":0},{"id":0,"level":0},{"id":0,"level":0},{"id":0,"level":0},{"id":0,"level":0},{"id":0,"level":0},{"id":0,"level":0},{"id":0,"level":0},{"id":0,"level":0},{"id":0,"level":0},{"id":0,"level":0},{"id":0,"level":0},{"id":0,"level":0},{"id":0,"level":0},{"id":0,"level":0},{"id":0,"level":0},{"id":0,"level":0},{"id":0,"level":0},{"id":0,"level":0},{"id":0,"level":0},{"id":0,"level":0},{"id":0,"level":0},{"id":0,"level":0},{"id":0,"level":0},{"id":0,"level":0},{"id":0,"level":0},{"id":0,"level":0},{"id":0,"level":0},{"id":0,"level":0},{"id":0,"level":0},{"id":0,"level":0},{"id":0,"level":0},{"id":0,"level":0},{"id":0,"level":0},{"id":0,"level":0},{"id":0,"level":0},{"id":0,"level":0},{"id":0,"level":0},{"id":0,"level":0},{"id":0,"level":0},{"id":0,"level":0},{"id":0,"level":0},{"id":0,"level":0},{"id":0,"level":0},{"id":0,"level":0},{"id":0,"level":0},{"id":0,"level":0},{"id":4,"level":15},{"id":0,"level":0},{"id":0,"level":0},{"id":4,"level":15},{"id":0,"level":0},{"id":0,"level":0},{"id":4,"level":15},{"id":0,"level":0},{"id":0,"level":0},{"id":0,"level":0},{"id":0,"level":0},{"id":4,"level":15},{"id":0,"level":0},{"id":0,"level":0},{"id":4,"level":15},{"id":0,"level":0},{"id":0,"level":0},{"id":4,"level":15},{"id":0,"level":0},{"id":0,"level":0},{"id":0,"level":0},{"id":0,"level":0},{"id":4,"level":15},{"id":0,"level":0},{"id":0,"level":0},{"id":4,"level":15},{"id":0,"level":0},{"id":0,"level":0},{"id":4,"level":15},{"id":0,"level":0},{"id":0,"level":0},{"id":0,"level":0},{"id":0,"level":0},{"id":4,"level":15},{"id":0,"level":0},{"id":0,"level":0},{"id":4,"level":15},{"id":0,"level":0},{"id":0,"level":0},{"id":4,"level":15},{"id":0,"level":0},{"id":0,"level":0},{"id":0,"level":0},{"id":0,"level":0},{"id":4,"level":15},{"id":0,"level":0},{"id":0,"level":0},{"id":4,"level":15},{"id":0,"level":0},{"id":0,"level":0},{"id":4,"level":15},{"id":0,"level":0},{"id":0,"level":0},{"id":0,"level":0},{"id":0,"level":0},{"id":4,"level":15},{"id":0,"level":0},{"id":0,"level":0},{"id":4,"level":15},{"id":0,"level":0},{"id":0,"level":0},{"id":4,"level":15},{"id":0,"level":0},{"id":0,"level":0},{"id":0,"level":0},{"id":4,"level":15},{"id":0,"level":0},{"id":4,"level":15},{"id":0,"level":0},{"id":4,"level":15},{"id":0,"level":0},{"id":4,"level":15},{"id":0,"level":0},{"id":4,"level":15},{"id":0,"level":0},{"id":0,"level":0},{"id":4,"level":15},{"id":0,"level":0},{"id":4,"level":15},{"id":0,"level":0},{"id":4,"level":15},{"id":0,"level":0},{"id":4,"level":15},{"id":0,"level":0},{"id":4,"level":15},{"id":0,"level":0}],"powActive":false,"powValue":3},{"id":6,"time":15.0,"enemyInfos":[{"id":0,"level":0},{"id":0,"level":0},{"id":0,"level":0},{"id":0,"level":0},{"id":0,"level":0},{"id":0,"level":0},{"id":0,"level":0},{"id":0,"level":0},{"id":0,"level":0},{"id":0,"level":0},{"id":0,"level":0},{"id":0,"level":0},{"id":0,"level":0},{"id":0,"level":0},{"id":0,"level":0},{"id":0,"level":0},{"id":0,"level":0},{"id":0,"level":0},{"id":0,"level":0},{"id":0,"level":0},{"id":0,"level":0},{"id":0,"level":0},{"id":0,"level":0},{"id":0,"level":0},{"id":0,"level":0},{"id":0,"level":0},{"id":0,"level":0},{"id":0,"level":0},{"id":0,"level":0},{"id":0,"level":0},{"id":0,"level":0},{"id":0,"level":0},{"id":0,"level":0},{"id":0,"level":0},{"id":0,"level":0},{"id":0,"level":0},{"id":0,"level":0},{"id":0,"level":0},{"id":0,"level":0},{"id":0,"level":0},{"id":0,"level":0},{"id":0,"level":0},{"id":0,"level":0},{"id":0,"level":0},{"id":0,"level":0},{"id":0,"level":0},{"id":0,"level":0},{"id":0,"level":0},{"id":0,"level":0},{"id":0,"level":0},{"id":0,"level":0},{"id":0,"level":0},{"id":0,"level":0},{"id":0,"level":0},{"id":0,"level":0},{"id":0,"level":0},{"id":0,"level":0},{"id":0,"level":0},{"id":0,"level":0},{"id":0,"level":0},{"id":0,"level":0},{"id":0,"level":0},{"id":0,"level":0},{"id":0,"level":0},{"id":0,"level":0},{"id":0,"level":0},{"id":0,"level":0},{"id":11,"level":5},{"id":0,"level":0},{"id":0,"level":0},{"id":0,"level":0},{"id":0,"level":0},{"id":0,"level":0},{"id":0,"level":0},{"id":0,"level":0},{"id":11,"level":5},{"id":0,"level":0},{"id":0,"level":0},{"id":0,"level":0},{"id":11,"level":5},{"id":0,"level":0},{"id":0,"level":0},{"id":0,"level":0},{"id":0,"level":0},{"id":0,"level":0},{"id":11,"level":5},{"id":0,"level":0},{"id":0,"level":0},{"id":0,"level":0},{"id":0,"level":0},{"id":0,"level":0},{"id":0,"level":0},{"id":0,"level":0},{"id":11,"level":5},{"id":0,"level":0},{"id":0,"level":0},{"id":0,"level":0},{"id":0,"level":0},{"id":0,"level":0},{"id":0,"level":0},{"id":11,"level":5},{"id":0,"level":0},{"id":0,"level":0},{"id":11,"level":5},{"id":0,"level":0},{"id":11,"level":5},{"id":0,"level":0},{"id":0,"level":0},{"id":11,"level":5},{"id":0,"level":0},{"id":0,"level":0},{"id":0,"level":0},{"id":0,"level":0},{"id":0,"level":0},{"id":0,"level":0},{"id":0,"level":0},{"id":0,"level":0},{"id":0,"level":0},{"id":0,"level":0},{"id":0,"level":0},{"id":0,"level":0},{"id":0,"level":0},{"id":0,"level":0},{"id":0,"level":0},{"id":0,"level":0},{"id":0,"level":0},{"id":0,"level":0},{"id":0,"level":0},{"id":0,"level":0},{"id":0,"level":0},{"id":0,"level":0},{"id":0,"level":0},{"id":0,"level":0},{"id":0,"level":0},{"id":0,"level":0},{"id":0,"level":0},{"id":0,"level":0},{"id":0,"level":0},{"id":0,"level":0},{"id":0,"level":0},{"id":0,"level":0},{"id":0,"level":0},{"id":0,"level":0}],"powActive":false,"powValue":3},{"id":7,"time":15.0,"enemyInfos":[{"id":0,"level":0},{"id":0,"level":0},{"id":0,"level":0},{"id":0,"level":0},{"id":0,"level":0},{"id":0,"level":0},{"id":0,"level":0},{"id":0,"level":0},{"id":0,"level":0},{"id":0,"level":0},{"id":0,"level":0},{"id":0,"level":0},{"id":0,"level":0},{"id":0,"level":0},{"id":0,"level":0},{"id":0,"level":0},{"id":0,"level":0},{"id":0,"level":0},{"id":0,"level":0},{"id":0,"level":0},{"id":0,"level":0},{"id":0,"level":0},{"id":0,"level":0},{"id":0,"level":0},{"id":0,"level":0},{"id":0,"level":0},{"id":0,"level":0},{"id":0,"level":0},{"id":0,"level":0},{"id":0,"level":0},{"id":0,"level":0},{"id":0,"level":0},{"id":0,"level":0},{"id":0,"level":0},{"id":0,"level":0},{"id":0,"level":0},{"id":0,"level":0},{"id":0,"level":0},{"id":0,"level":0},{"id":0,"level":0},{"id":0,"level":0},{"id":0,"level":0},{"id":0,"level":0},{"id":0,"level":0},{"id":0,"level":0},{"id":0,"level":0},{"id":0,"level":0},{"id":0,"level":0},{"id":0,"level":0},{"id":0,"level":0},{"id":0,"level":0},{"id":0,"level":0},{"id":0,"level":0},{"id":0,"level":0},{"id":0,"level":0},{"id":0,"level":0},{"id":0,"level":0},{"id":0,"level":0},{"id":0,"level":0},{"id":0,"level":0},{"id":0,"level":0},{"id":0,"level":0},{"id":0,"level":0},{"id":0,"level":0},{"id":0,"level":0},{"id":0,"level":0},{"id":0,"level":0},{"id":0,"level":0},{"id":0,"level":0},{"id":0,"level":0},{"id":0,"level":0},{"id":0,"level":0},{"id":0,"level":0},{"id":0,"level":0},{"id":0,"level":0},{"id":0,"level":0},{"id":0,"level":0},{"id":0,"level":0},{"id":0,"level":0},{"id":0,"level":0},{"id":0,"level":0},{"id":0,"level":0},{"id":0,"level":0},{"id":0,"level":0},{"id":0,"level":0},{"id":0,"level":0},{"id":0,"level":0},{"id":0,"level":0},{"id":0,"level":0},{"id":0,"level":0},{"id":0,"level":0},{"id":0,"level":0},{"id":0,"level":0},{"id":0,"level":0},{"id":0,"level":0},{"id":0,"level":0},{"id":0,"level":0},{"id":0,"level":0},{"id":0,"level":0},{"id":0,"level":0},{"id":4,"level":15},{"id":0,"level":0},{"id":4,"level":15},{"id":0,"level":0},{"id":4,"level":15},{"id":0,"level":0},{"id":4,"level":15},{"id":0,"level":0},{"id":4,"level":15},{"id":0,"level":0},{"id":0,"level":0},{"id":4,"level":15},{"id":11,"level":5},{"id":4,"level":15},{"id":11,"level":5},{"id":4,"level":15},{"id":11,"level":5},{"id":4,"level":15},{"id":11,"level":5},{"id":4,"level":15},{"id":0,"level":0},{"id":0,"level":0},{"id":4,"level":15},{"id":0,"level":0},{"id":4,"level":15},{"id":0,"level":0},{"id":4,"level":15},{"id":0,"level":0},{"id":4,"level":15},{"id":0,"level":0},{"id":4,"level":15},{"id":0,"level":0},{"id":0,"level":0},{"id":0,"level":0},{"id":4,"level":15},{"id":0,"level":0},{"id":4,"level":15},{"id":0,"level":0},{"id":4,"level":15},{"id":0,"level":0},{"id":4,"level":15},{"id":0,"level":0},{"id":0,"level":0}],"powActive":false,"powValue":3},{"id":8,"time":15.0,"enemyInfos":[{"id":0,"level":0},{"id":0,"level":0},{"id":0,"level":0},{"id":0,"level":0},{"id":0,"level":0},{"id":0,"level":0},{"id":0,"level":0},{"id":0,"level":0},{"id":0,"level":0},{"id":0,"level":0},{"id":0,"level":0},{"id":0,"level":0},{"id":0,"level":0},{"id":0,"level":0},{"id":0,"level":0},{"id":0,"level":0},{"id":0,"level":0},{"id":0,"level":0},{"id":0,"level":0},{"id":0,"level":0},{"id":0,"level":0},{"id":0,"level":0},{"id":0,"level":0},{"id":0,"level":0},{"id":0,"level":0},{"id":0,"level":0},{"id":0,"level":0},{"id":0,"level":0},{"id":0,"level":0},{"id":0,"level":0},{"id":0,"level":0},{"id":0,"level":0},{"id":0,"level":0},{"id":0,"level":0},{"id":0,"level":0},{"id":0,"level":0},{"id":0,"level":0},{"id":0,"level":0},{"id":0,"level":0},{"id":0,"level":0},{"id":0,"level":0},{"id":0,"level":0},{"id":0,"level":0},{"id":0,"level":0},{"id":0,"level":0},{"id":0,"level":0},{"id":0,"level":0},{"id":0,"level":0},{"id":0,"level":0},{"id":0,"level":0},{"id":0,"level":0},{"id":0,"level":0},{"id":0,"level":0},{"id":0,"level":0},{"id":0,"level":0},{"id":0,"level":0},{"id":0,"level":0},{"id":0,"level":0},{"id":0,"level":0},{"id":0,"level":0},{"id":0,"level":0},{"id":0,"level":0},{"id":0,"level":0},{"id":0,"level":0},{"id":0,"level":0},{"id":0,"level":0},{"id":0,"level":0},{"id":0,"level":0},{"id":0,"level":0},{"id":0,"level":0},{"id":0,"level":0},{"id":0,"level":0},{"id":0,"level":0},{"id":0,"level":0},{"id":0,"level":0},{"id":0,"level":0},{"id":0,"level":0},{"id":0,"level":0},{"id":0,"level":0},{"id":0,"level":0},{"id":0,"level":0},{"id":0,"level":0},{"id":0,"level":0},{"id":0,"level":0},{"id":0,"level":0},{"id":0,"level":0},{"id":0,"level":0},{"id":0,"level":0},{"id":4,"level":15},{"id":0,"level":0},{"id":0,"level":0},{"id":0,"level":0},{"id":0,"level":0},{"id":0,"level":0},{"id":0,"level":0},{"id":0,"level":0},{"id":0,"level":0},{"id":0,"level":0},{"id":4,"level":15},{"id":0,"level":0},{"id":4,"level":15},{"id":0,"level":0},{"id":0,"level":0},{"id":0,"level":0},{"id":0,"level":0},{"id":0,"level":0},{"id":0,"level":0},{"id":0,"level":0},{"id":4,"level":15},{"id":0,"level":0},{"id":4,"level":15},{"id":0,"level":0},{"id":4,"level":15},{"id":0,"level":0},{"id":0,"level":0},{"id":0,"level":0},{"id":0,"level":0},{"id":0,"level":0},{"id":4,"level":15},{"id":0,"level":0},{"id":4,"level":15},{"id":0,"level":0},{"id":4,"level":15},{"id":0,"level":0},{"id":4,"level":15},{"id":0,"level":0},{"id":0,"level":0},{"id":0,"level":0},{"id":4,"level":15},{"id":0,"level":0},{"id":4,"level":15},{"id":0,"level":0},{"id":4,"level":15},{"id":0,"level":0},{"id":4,"level":15},{"id":0,"level":0},{"id":4,"level":15},{"id":0,"level":0},{"id":4,"level":15},{"id":0,"level":0},{"id":4,"level":15},{"id":0,"level":0},{"id":4,"level":15}],"powActive":false,"powValue":3},{"id":9,"time":15.0,"enemyInfos":[{"id":0,"level":0},{"id":0,"level":0},{"id":0,"level":0},{"id":0,"level":0},{"id":0,"level":0},{"id":0,"level":0},{"id":0,"level":0},{"id":0,"level":0},{"id":0,"level":0},{"id":0,"level":0},{"id":0,"level":0},{"id":0,"level":0},{"id":0,"level":0},{"id":0,"level":0},{"id":0,"level":0},{"id":0,"level":0},{"id":0,"level":0},{"id":0,"level":0},{"id":0,"level":0},{"id":0,"level":0},{"id":0,"level":0},{"id":0,"level":0},{"id":0,"level":0},{"id":0,"level":0},{"id":0,"level":0},{"id":0,"level":0},{"id":0,"level":0},{"id":0,"level":0},{"id":0,"level":0},{"id":0,"level":0},{"id":0,"level":0},{"id":0,"level":0},{"id":0,"level":0},{"id":0,"level":0},{"id":0,"level":0},{"id":0,"level":0},{"id":0,"level":0},{"id":0,"level":0},{"id":0,"level":0},{"id":0,"level":0},{"id":0,"level":0},{"id":0,"level":0},{"id":0,"level":0},{"id":0,"level":0},{"id":0,"level":0},{"id":0,"level":0},{"id":0,"level":0},{"id":0,"level":0},{"id":0,"level":0},{"id":0,"level":0},{"id":0,"level":0},{"id":0,"level":0},{"id":0,"level":0},{"id":0,"level":0},{"id":0,"level":0},{"id":0,"level":0},{"id":0,"level":0},{"id":0,"level":0},{"id":0,"level":0},{"id":0,"level":0},{"id":0,"level":0},{"id":0,"level":0},{"id":0,"level":0},{"id":0,"level":0},{"id":0,"level":0},{"id":0,"level":0},{"id":0,"level":0},{"id":0,"level":0},{"id":0,"level":0},{"id":0,"level":0},{"id":0,"level":0},{"id":0,"level":0},{"id":0,"level":0},{"id":0,"level":0},{"id":0,"level":0},{"id":0,"level":0},{"id":0,"level":0},{"id":0,"level":0},{"id":0,"level":0},{"id":0,"level":0},{"id":0,"level":0},{"id":0,"level":0},{"id":0,"level":0},{"id":0,"level":0},{"id":0,"level":0},{"id":0,"level":0},{"id":0,"level":0},{"id":0,"level":0},{"id":0,"level":0},{"id":0,"level":0},{"id":0,"level":0},{"id":0,"level":0},{"id":0,"level":0},{"id":0,"level":0},{"id":0,"level":0},{"id":0,"level":0},{"id":0,"level":0},{"id":0,"level":0},{"id":0,"level":0},{"id":0,"level":0},{"id":0,"level":0},{"id":11,"level":5},{"id":0,"level":0},{"id":0,"level":0},{"id":0,"level":0},{"id":0,"level":0},{"id":0,"level":0},{"id":11,"level":5},{"id":0,"level":0},{"id":0,"level":0},{"id":0,"level":0},{"id":0,"level":0},{"id":4,"level":15},{"id":11,"level":5},{"id":0,"level":0},{"id":11,"level":5},{"id":0,"level":0},{"id":11,"level":5},{"id":4,"level":15},{"id":0,"level":0},{"id":0,"level":0},{"id":0,"level":0},{"id":0,"level":0},{"id":0,"level":0},{"id":4,"level":15},{"id":11,"level":5},{"id":0,"level":0},{"id":11,"level":5},{"id":4,"level":15},{"id":0,"level":0},{"id":0,"level":0},{"id":0,"level":0},{"id":0,"level":0},{"id":0,"level":0},{"id":0,"level":0},{"id":0,"level":0},{"id":4,"level":15},{"id":0,"level":0},{"id":4,"level":15},{"id":0,"level":0},{"id":0,"level":0},{"id":0,"level":0},{"id":0,"level":0}],"powActive":false,"powValue":3},{"id":10,"time":15.0,"enemyInfos":[{"id":0,"level":0},{"id":0,"level":0},{"id":0,"level":0},{"id":0,"level":0},{"id":0,"level":0},{"id":0,"level":0},{"id":0,"level":0},{"id":0,"level":0},{"id":0,"level":0},{"id":0,"level":0},{"id":0,"level":0},{"id":0,"level":0},{"id":0,"level":0},{"id":0,"level":0},{"id":0,"level":0},{"id":0,"level":0},{"id":0,"level":0},{"id":0,"level":0},{"id":0,"level":0},{"id":0,"level":0},{"id":0,"level":0},{"id":0,"level":0},{"id":0,"level":0},{"id":0,"level":0},{"id":0,"level":0},{"id":0,"level":0},{"id":0,"level":0},{"id":0,"level":0},{"id":0,"level":0},{"id":0,"level":0},{"id":0,"level":0},{"id":0,"level":0},{"id":0,"level":0},{"id":0,"level":0},{"id":0,"level":0},{"id":0,"level":0},{"id":0,"level":0},{"id":0,"level":0},{"id":0,"level":0},{"id":0,"level":0},{"id":0,"level":0},{"id":0,"level":0},{"id":0,"level":0},{"id":0,"level":0},{"id":0,"level":0},{"id":0,"level":0},{"id":0,"level":0},{"id":0,"level":0},{"id":0,"level":0},{"id":0,"level":0},{"id":0,"level":0},{"id":0,"level":0},{"id":0,"level":0},{"id":0,"level":0},{"id":0,"level":0},{"id":0,"level":0},{"id":0,"level":0},{"id":0,"level":0},{"id":0,"level":0},{"id":0,"level":0},{"id":0,"level":0},{"id":0,"level":0},{"id":0,"level":0},{"id":0,"level":0},{"id":0,"level":0},{"id":0,"level":0},{"id":0,"level":0},{"id":0,"level":0},{"id":0,"level":0},{"id":0,"level":0},{"id":0,"level":0},{"id":0,"level":0},{"id":0,"level":0},{"id":0,"level":0},{"id":0,"level":0},{"id":0,"level":0},{"id":0,"level":0},{"id":0,"level":0},{"id":0,"level":0},{"id":0,"level":0},{"id":0,"level":0},{"id":0,"level":0},{"id":0,"level":0},{"id":0,"level":0},{"id":0,"level":0},{"id":0,"level":0},{"id":0,"level":0},{"id":0,"level":0},{"id":0,"level":0},{"id":0,"level":0},{"id":0,"level":0},{"id":0,"level":0},{"id":0,"level":0},{"id":0,"level":0},{"id":0,"level":0},{"id":0,"level":0},{"id":0,"level":0},{"id":0,"level":0},{"id":0,"level":0},{"id":0,"level":0},{"id":4,"level":15},{"id":0,"level":0},{"id":0,"level":0},{"id":11,"level":5},{"id":0,"level":0},{"id":11,"level":5},{"id":0,"level":0},{"id":0,"level":0},{"id":4,"level":15},{"id":0,"level":0},{"id":4,"level":15},{"id":0,"level":0},{"id":4,"level":15},{"id":0,"level":0},{"id":0,"level":0},{"id":11,"level":5},{"id":0,"level":0},{"id":0,"level":0},{"id":4,"level":15},{"id":0,"level":0},{"id":4,"level":15},{"id":0,"level":0},{"id":4,"level":15},{"id":0,"level":0},{"id":4,"level":15},{"id":11,"level":5},{"id":0,"level":0},{"id":11,"level":5},{"id":4,"level":15},{"id":0,"level":0},{"id":4,"level":15},{"id":0,"level":0},{"id":4,"level":15},{"id":0,"level":0},{"id":4,"level":15},{"id":0,"level":0},{"id":4,"level":15},{"id":11,"level":5},{"id":4,"level":15},{"id":0,"level":0},{"id":4,"level":15},{"id":0,"level":0},{"id":4,"level":15}],"powActive":false,"powValue":3}],"enemyInfos":[{"id":4,"level":15},{"id":11,"level":5}]}